-- MariaDB dump 10.19  Distrib 10.6.4-MariaDB, for debian-linux-gnu (x86_64)
--
-- Host: localhost    Database: mariadb
-- ------------------------------------------------------
-- Server version	10.6.4-MariaDB-1:10.6.4+maria~focal

/*!40101 SET @OLD_CHARACTER_SET_CLIENT=@@CHARACTER_SET_CLIENT */;
/*!40101 SET @OLD_CHARACTER_SET_RESULTS=@@CHARACTER_SET_RESULTS */;
/*!40101 SET @OLD_COLLATION_CONNECTION=@@COLLATION_CONNECTION */;
/*!40101 SET NAMES utf8mb4 */;
/*!40103 SET @OLD_TIME_ZONE=@@TIME_ZONE */;
/*!40103 SET TIME_ZONE='+00:00' */;
/*!40014 SET @OLD_UNIQUE_CHECKS=@@UNIQUE_CHECKS, UNIQUE_CHECKS=0 */;
/*!40014 SET @OLD_FOREIGN_KEY_CHECKS=@@FOREIGN_KEY_CHECKS, FOREIGN_KEY_CHECKS=0 */;
/*!40101 SET @OLD_SQL_MODE=@@SQL_MODE, SQL_MODE='NO_AUTO_VALUE_ON_ZERO' */;
/*!40111 SET @OLD_SQL_NOTES=@@SQL_NOTES, SQL_NOTES=0 */;

--
-- Table structure for table `S_AUTH`
--

DROP TABLE IF EXISTS `S_AUTH`;
/*!40101 SET @saved_cs_client     = @@character_set_client */;
/*!40101 SET character_set_client = utf8 */;
CREATE TABLE `S_AUTH` (
  `AUTH_NO` varchar(10) NOT NULL,
  `AUTH_NAME` varchar(30) DEFAULT NULL,
  `BSE_DT` varchar(8) DEFAULT NULL,
  `BSE_TM` varchar(6) DEFAULT NULL,
  `BSE_EMP_NO` varchar(10) DEFAULT NULL,
  `ALT_DT` varchar(8) DEFAULT NULL,
  `ALT_TM` varchar(6) DEFAULT NULL,
  `ALT_EMP_NO` varchar(10) DEFAULT NULL,
  PRIMARY KEY (`AUTH_NO`)
) ENGINE=InnoDB DEFAULT CHARSET=utf8mb4;
/*!40101 SET character_set_client = @saved_cs_client */;

--
-- Dumping data for table `S_AUTH`
--

LOCK TABLES `S_AUTH` WRITE;
/*!40000 ALTER TABLE `S_AUTH` DISABLE KEYS */;
/*!40000 ALTER TABLE `S_AUTH` ENABLE KEYS */;
UNLOCK TABLES;

--
-- Table structure for table `S_CAL_RPT`
--

DROP TABLE IF EXISTS `S_CAL_RPT`;
/*!40101 SET @saved_cs_client     = @@character_set_client */;
/*!40101 SET character_set_client = utf8 */;
CREATE TABLE `S_CAL_RPT` (
  `RPT_NO` int(11) NOT NULL AUTO_INCREMENT,
  `RPT_NAME` varchar(100) DEFAULT NULL,
  `RPT_TYPE` varchar(2) DEFAULT NULL,
  `BIZ_TYPE` varchar(2) DEFAULT NULL,
  `EMP_NO` varchar(11) DEFAULT NULL,
  `MOC_NO` varchar(11) DEFAULT NULL,
  `EPR_NO` varchar(11) DEFAULT NULL,
  `CONN_PER_TYPE` varchar(2) DEFAULT NULL,
  `INV_OBJ` varchar(100) DEFAULT NULL,
  `TOBE_DESC` varchar(1000) DEFAULT NULL,
  `SUG_DESC` varchar(1000) DEFAULT NULL,
  `CUS_DESC` varchar(1000) DEFAULT NULL,
  `BIZ_ETC_DESC` varchar(1000) DEFAULT NULL,
  `BIZ_DT` varchar(8) DEFAULT NULL,
  `BSE_DT` varchar(8) DEFAULT NULL,
  `BSE_TM` varchar(6) DEFAULT NULL,
  `BSE_EMP_NO` varchar(10) DEFAULT NULL,
  `ALT_DT` varchar(8) DEFAULT NULL,
  `ALT_TM` varchar(6) DEFAULT NULL,
  `ALT_EMP_NO` varchar(10) DEFAULT NULL,
  PRIMARY KEY (`RPT_NO`)
) ENGINE=InnoDB AUTO_INCREMENT=3 DEFAULT CHARSET=utf8mb4;
/*!40101 SET character_set_client = @saved_cs_client */;

--
-- Dumping data for table `S_CAL_RPT`
--

LOCK TABLES `S_CAL_RPT` WRITE;
/*!40000 ALTER TABLE `S_CAL_RPT` DISABLE KEYS */;
INSERT INTO `S_CAL_RPT` VALUES (1,'테스트','1','1','82058481','','1','2','테스트','ㅅㄷㄴㅅ','ㅅㄷㄴㅅ','ㅅㄷㄴㅅ','ㅅㄷㄴㅅ','20210928','20210928','054117','82058481','20211008','011333','82058481'),(2,'테스트 일지','1','1','82022387','','2','1','테스트','테스트','테스트','테스트','테스트','20210621','20211007','044357','82058481','20211008','010527','82058481');
/*!40000 ALTER TABLE `S_CAL_RPT` ENABLE KEYS */;
UNLOCK TABLES;

--
-- Table structure for table `S_DEAL`
--

DROP TABLE IF EXISTS `S_DEAL`;
/*!40101 SET @saved_cs_client     = @@character_set_client */;
/*!40101 SET character_set_client = utf8 */;
CREATE TABLE `S_DEAL` (
  `DEAL_NO` int(11) NOT NULL AUTO_INCREMENT,
  `DEAL_TYPE` varchar(2) DEFAULT NULL,
  `DEAL_NAME` varchar(100) DEFAULT NULL,
  `BIZ_TYPE` varchar(2) DEFAULT NULL,
  `PROC_TYPE` varchar(2) DEFAULT NULL,
  `epr_no` varchar(11) DEFAULT NULL,
  `CON_DT` varchar(8) DEFAULT NULL,
  `END_DT` varchar(8) DEFAULT NULL,
  `DEAL_PROC_PER` varchar(8) DEFAULT NULL,
  `EXP_PRI` varchar(10) DEFAULT NULL,
  `EXP_REV` varchar(10) DEFAULT NULL,
  `DEAL_SOUC` varchar(50) DEFAULT NULL,
  `EMP_NAME` varchar(900) DEFAULT NULL,
  `DROP_YN` varchar(1) DEFAULT NULL,
  `BSE_DT` varchar(8) DEFAULT NULL,
  `BSE_TM` varchar(6) DEFAULT NULL,
  `BSE_EMP_NO` varchar(10) DEFAULT NULL,
  `ALT_DT` varchar(8) DEFAULT NULL,
  `ALT_TM` varchar(6) DEFAULT NULL,
  `ALT_EMP_NO` varchar(10) DEFAULT NULL,
  PRIMARY KEY (`DEAL_NO`)
) ENGINE=InnoDB AUTO_INCREMENT=2 DEFAULT CHARSET=utf8mb4;
/*!40101 SET character_set_client = @saved_cs_client */;

--
-- Dumping data for table `S_DEAL`
--

LOCK TABLES `S_DEAL` WRITE;
/*!40000 ALTER TABLE `S_DEAL` DISABLE KEYS */;
INSERT INTO `S_DEAL` VALUES (1,'IB','테스트','HS','SU','','20211004','20211029','22','233억','100억','테스트','','N','20211007','071544','82058481','20211008','014921','82058481');
/*!40000 ALTER TABLE `S_DEAL` ENABLE KEYS */;
UNLOCK TABLES;

--
-- Table structure for table `S_DEAL_LGR`
--

DROP TABLE IF EXISTS `S_DEAL_LGR`;
/*!40101 SET @saved_cs_client     = @@character_set_client */;
/*!40101 SET character_set_client = utf8 */;
CREATE TABLE `S_DEAL_LGR` (
  `DEAL_LGR_NO` int(11) NOT NULL AUTO_INCREMENT,
  `DEAL_NO` int(11) DEFAULT NULL,
  `RM_EMP_NO` varchar(11) DEFAULT NULL,
  `DEAL_LGR_NAME` varchar(100) DEFAULT NULL,
  `EPR_NAME` varchar(11) DEFAULT NULL,
  `DBT_TYPE` varchar(2) DEFAULT NULL,
  `SUB_TYPE` varchar(2) DEFAULT NULL,
  `GRT_YN` varchar(2) DEFAULT NULL,
  `TOT_ISS_AMN` varchar(8) DEFAULT NULL,
  `cur_cd` varchar(2) DEFAULT NULL,
  `ISU_NUM` varchar(8) DEFAULT NULL,
  `ISU_DATE` varchar(8) DEFAULT NULL,
  `LEAD_MGR` varchar(11) DEFAULT NULL,
  `pcp_type` varchar(2) DEFAULT NULL,
  `contract_date` varchar(8) DEFAULT NULL,
  `DUE_DATE` varchar(8) DEFAULT NULL,
  `DUE_YEAR` varchar(8) DEFAULT NULL,
  `ISU_YLD` varchar(8) DEFAULT NULL,
  `SURF_INTR_RATE` varchar(8) DEFAULT NULL,
  `int_pay_mod` varchar(100) DEFAULT NULL,
  `coun_amt` varchar(50) DEFAULT NULL,
  `SAL_PRI` varchar(50) DEFAULT NULL,
  `conv_pri` varchar(50) DEFAULT NULL,
  `war_pri` varchar(50) DEFAULT NULL,
  `war_pri_sta_date` varchar(8) DEFAULT NULL,
  `war_pri_end_date` varchar(8) DEFAULT NULL,
  `cre_rat` varchar(10) DEFAULT NULL,
  `DESC_TEXT` varchar(1000) DEFAULT NULL,
  `BSE_DT` varchar(8) DEFAULT NULL,
  `BSE_TM` varchar(6) DEFAULT NULL,
  `BSE_EMP_NO` varchar(10) DEFAULT NULL,
  `ALT_DT` varchar(8) DEFAULT NULL,
  `ALT_TM` varchar(6) DEFAULT NULL,
  `ALT_EMP_NO` varchar(10) DEFAULT NULL,
  PRIMARY KEY (`DEAL_LGR_NO`)
) ENGINE=InnoDB DEFAULT CHARSET=utf8mb4;
/*!40101 SET character_set_client = @saved_cs_client */;

--
-- Dumping data for table `S_DEAL_LGR`
--

LOCK TABLES `S_DEAL_LGR` WRITE;
/*!40000 ALTER TABLE `S_DEAL_LGR` DISABLE KEYS */;
/*!40000 ALTER TABLE `S_DEAL_LGR` ENABLE KEYS */;
UNLOCK TABLES;

--
-- Table structure for table `S_DEPT`
--

DROP TABLE IF EXISTS `S_DEPT`;
/*!40101 SET @saved_cs_client     = @@character_set_client */;
/*!40101 SET character_set_client = utf8 */;
CREATE TABLE `S_DEPT` (
  `DEPT_NO` varchar(5) NOT NULL,
  `DEPT_NAME` varchar(30) DEFAULT NULL,
  `PAR_DEPT_NO` varchar(5) DEFAULT NULL,
  `DEPT_HEAD_NO` varchar(10) DEFAULT NULL,
  `BSE_DT` varchar(8) DEFAULT NULL,
  `BSE_TM` varchar(6) DEFAULT NULL,
  `BSE_EMP_NO` varchar(10) DEFAULT NULL,
  `ALT_DT` varchar(8) DEFAULT NULL,
  `ALT_TM` varchar(6) DEFAULT NULL,
  `ALT_EMP_NO` varchar(10) DEFAULT NULL
) ENGINE=InnoDB DEFAULT CHARSET=utf8mb4;
/*!40101 SET character_set_client = @saved_cs_client */;

--
-- Dumping data for table `S_DEPT`
--

LOCK TABLES `S_DEPT` WRITE;
/*!40000 ALTER TABLE `S_DEPT` DISABLE KEYS */;
/*!40000 ALTER TABLE `S_DEPT` ENABLE KEYS */;
UNLOCK TABLES;

--
-- Table structure for table `S_EPR`
--

DROP TABLE IF EXISTS `S_EPR`;
/*!40101 SET @saved_cs_client     = @@character_set_client */;
/*!40101 SET character_set_client = utf8 */;
CREATE TABLE `S_EPR` (
  `EPR_NO` int(11) NOT NULL AUTO_INCREMENT,
  `EPR_NAME` varchar(100) DEFAULT NULL,
  `EPR_REP_NAME` varchar(100) DEFAULT NULL,
  `EPR_TEL_NO` varchar(20) DEFAULT NULL,
  `EPR_BIZ_TYPE_CD` varchar(2) DEFAULT NULL,
  `EPR_ADDR` varchar(500) DEFAULT NULL,
  `BIZ_NUM` varchar(20) DEFAULT NULL,
  `CORP_REGIST_NUM` varchar(20) DEFAULT NULL,
  `BSE_DT` varchar(8) DEFAULT NULL,
  `BSE_TM` varchar(6) DEFAULT NULL,
  `BSE_EMP_NO` varchar(10) DEFAULT NULL,
  `ALT_DT` varchar(8) DEFAULT NULL,
  `ALT_TM` varchar(6) DEFAULT NULL,
  `ALT_EMP_NO` varchar(10) DEFAULT NULL,
  PRIMARY KEY (`EPR_NO`)
) ENGINE=InnoDB AUTO_INCREMENT=3 DEFAULT CHARSET=utf8mb4;
/*!40101 SET character_set_client = @saved_cs_client */;

--
-- Dumping data for table `S_EPR`
--

LOCK TABLES `S_EPR` WRITE;
/*!40000 ALTER TABLE `S_EPR` DISABLE KEYS */;
INSERT INTO `S_EPR` VALUES (1,'테스트','테스트','0212341234','1','서울시','1234512345','123456123','20211007','045504','82058481','20211007','045504','82058481'),(2,'테스트2','테스트2','021234123','7','서울시','1234500000','1234500000','20211008','004419','82058481','20211008','004714','82058481');
/*!40000 ALTER TABLE `S_EPR` ENABLE KEYS */;
UNLOCK TABLES;

--
-- Table structure for table `S_EPR_USER_MAP`
--

DROP TABLE IF EXISTS `S_EPR_USER_MAP`;
/*!40101 SET @saved_cs_client     = @@character_set_client */;
/*!40101 SET character_set_client = utf8 */;
CREATE TABLE `S_EPR_USER_MAP` (
  `EPR_EMP_MAP_NO` int(11) NOT NULL AUTO_INCREMENT,
  `EPR_NO` int(11) DEFAULT NULL,
  `EMP_NO` varchar(10) DEFAULT NULL,
  `BSE_DT` varchar(8) DEFAULT NULL,
  `BSE_TM` varchar(6) DEFAULT NULL,
  `BSE_EMP_NO` varchar(10) DEFAULT NULL,
  `ALT_DT` varchar(8) DEFAULT NULL,
  `ALT_TM` varchar(6) DEFAULT NULL,
  `ALT_EMP_NO` varchar(10) DEFAULT NULL,
  PRIMARY KEY (`EPR_EMP_MAP_NO`)
) ENGINE=InnoDB DEFAULT CHARSET=utf8mb4;
/*!40101 SET character_set_client = @saved_cs_client */;

--
-- Dumping data for table `S_EPR_USER_MAP`
--

LOCK TABLES `S_EPR_USER_MAP` WRITE;
/*!40000 ALTER TABLE `S_EPR_USER_MAP` DISABLE KEYS */;
/*!40000 ALTER TABLE `S_EPR_USER_MAP` ENABLE KEYS */;
UNLOCK TABLES;

--
-- Table structure for table `S_GRP_CD`
--

DROP TABLE IF EXISTS `S_GRP_CD`;
/*!40101 SET @saved_cs_client     = @@character_set_client */;
/*!40101 SET character_set_client = utf8 */;
CREATE TABLE `S_GRP_CD` (
  `GRP_CD` varchar(100) NOT NULL,
  `GRP_NAME` varchar(100) DEFAULT NULL,
  `GRP_DESC` varchar(100) DEFAULT NULL,
  `DEL_YN` varchar(2) DEFAULT NULL,
  `BSE_DT` varchar(8) DEFAULT NULL,
  `BSE_TM` varchar(6) DEFAULT NULL,
  `BSE_EMP_NO` varchar(10) DEFAULT NULL,
  `ALT_DT` varchar(8) DEFAULT NULL,
  `ALT_TM` varchar(6) DEFAULT NULL,
  `ALT_EMP_NO` varchar(10) DEFAULT NULL,
  PRIMARY KEY (`GRP_CD`)
) ENGINE=InnoDB DEFAULT CHARSET=utf8mb4;
/*!40101 SET character_set_client = @saved_cs_client */;

--
-- Dumping data for table `S_GRP_CD`
--

LOCK TABLES `S_GRP_CD` WRITE;
/*!40000 ALTER TABLE `S_GRP_CD` DISABLE KEYS */;
INSERT INTO `S_GRP_CD` VALUES ('CAL_RPT_TYPE','영업활동유형','','Y','20210929','072133','82058481','20210929','072133','82058481'),('DEAL_BIZ_TYPE','DEAL영업구분','','Y','20211007','074041','82058481','20211007','074108','82058481'),('DEAL_TYPE','DEAL유형','','Y','20211007','082002','82058481','20211007','082002','82058481'),('EPR_BIZ_TYPE_CD','업종유형코드','','Y','20211006','052642','82058481','20211006','052642','82058481'),('PROC_TYPE','진행단계코드','','Y','20211007','072020','82058481','20211007','072020','82058481');
/*!40000 ALTER TABLE `S_GRP_CD` ENABLE KEYS */;
UNLOCK TABLES;

--
-- Table structure for table `S_GRP_DTL_CD`
--

DROP TABLE IF EXISTS `S_GRP_DTL_CD`;
/*!40101 SET @saved_cs_client     = @@character_set_client */;
/*!40101 SET character_set_client = utf8 */;
CREATE TABLE `S_GRP_DTL_CD` (
  `GRP_DTL_CD` varchar(100) NOT NULL,
  `GRP_DTL_NAME` varchar(100) DEFAULT NULL,
  `GRP_DTL_DESC` varchar(100) DEFAULT NULL,
  `GRP_CD` varchar(100) NOT NULL,
  `DEL_YN` varchar(2) DEFAULT NULL,
  `BSE_DT` varchar(8) DEFAULT NULL,
  `BSE_TM` varchar(6) DEFAULT NULL,
  `BSE_EMP_NO` varchar(10) DEFAULT NULL,
  `ALT_DT` varchar(8) DEFAULT NULL,
  `ALT_TM` varchar(6) DEFAULT NULL,
  `ALT_EMP_NO` varchar(10) DEFAULT NULL,
  PRIMARY KEY (`GRP_CD`,`GRP_DTL_CD`),
  CONSTRAINT `S_GRP_DTL_CD_ibfk_1` FOREIGN KEY (`GRP_CD`) REFERENCES `S_GRP_CD` (`GRP_CD`)
) ENGINE=InnoDB DEFAULT CHARSET=utf8mb4;
/*!40101 SET character_set_client = @saved_cs_client */;

--
-- Dumping data for table `S_GRP_DTL_CD`
--

LOCK TABLES `S_GRP_DTL_CD` WRITE;
/*!40000 ALTER TABLE `S_GRP_DTL_CD` DISABLE KEYS */;
INSERT INTO `S_GRP_DTL_CD` VALUES ('1','단순','','CAL_RPT_TYPE','Y','20210929','072349','82058481','20210929','072349','82058481'),('2','DEAL관련','','CAL_RPT_TYPE','Y','20210929','072411','82058481','20210929','072411','82058481'),('AD','Advisory','','DEAL_BIZ_TYPE','Y','20211007','074235','82058481','20211007','074235','82058481'),('BF','부동산금융-해외','','DEAL_BIZ_TYPE','Y','20211007','081506','82058481','20211007','081506','82058481'),('BK','부동산금융-국내','','DEAL_BIZ_TYPE','Y','20211007','081456','82058481','20211007','081456','82058481'),('DF','대체투자-해외','','DEAL_BIZ_TYPE','Y','20211007','074721','82058481','20211007','074721','82058481'),('DK','대체투자-국내','','DEAL_BIZ_TYPE','Y','20211007','074711','82058481','20211007','074711','82058481'),('ET','기타','','DEAL_BIZ_TYPE','Y','20211007','081945','82058481','20211007','081945','82058481'),('FN','증자','','DEAL_BIZ_TYPE','Y','20211007','074141','82058481','20211007','074141','82058481'),('GF','구조화금융-해외','','DEAL_BIZ_TYPE','Y','20211007','081443','82058481','20211007','081443','82058481'),('GK','구조화금융-국내','','DEAL_BIZ_TYPE','Y','20211007','074734','82058481','20211007','074734','82058481'),('HS','회사채','','DEAL_BIZ_TYPE','Y','20211007','081804','82058481','20211007','081804','82058481'),('IP','IPO','','DEAL_BIZ_TYPE','Y','20211007','074220','82058481','20211007','074220','82058481'),('LO','Loan','','DEAL_BIZ_TYPE','Y','20211007','081934','82058481','20211007','081934','82058481'),('CB','금융상품판매','','DEAL_TYPE','Y','20211007','082021','82058481','20211007','082021','82058481'),('IB','IB','','DEAL_TYPE','Y','20211007','082010','82058481','20211007','082010','82058481'),('RB','대체상품판매','','DEAL_TYPE','Y','20211007','082030','82058481','20211007','082030','82058481'),('1','1인미디어콘텐츠창작자',NULL,'EPR_BIZ_TYPE_CD','Y',NULL,NULL,NULL,NULL,NULL,NULL),('10','가금류 도축업',NULL,'EPR_BIZ_TYPE_CD','Y',NULL,NULL,NULL,NULL,NULL,NULL),('100','공구 소매업',NULL,'EPR_BIZ_TYPE_CD','Y',NULL,NULL,NULL,NULL,NULL,NULL),('1000','점토 벽돌, 블록 및 유사 비내화 요업제품 제조업',NULL,'EPR_BIZ_TYPE_CD','Y',NULL,NULL,NULL,NULL,NULL,NULL),('1001','접착제 및 젤라틴 제조업',NULL,'EPR_BIZ_TYPE_CD','Y',NULL,NULL,NULL,NULL,NULL,NULL),('1002','정기 광고 간행물 발행업',NULL,'EPR_BIZ_TYPE_CD','Y',NULL,NULL,NULL,NULL,NULL,NULL),('1003','정밀 기기 및 과학 기기 도매업',NULL,'EPR_BIZ_TYPE_CD','Y',NULL,NULL,NULL,NULL,NULL,NULL),('1004','정부기관 일반 보조 행정',NULL,'EPR_BIZ_TYPE_CD','Y',NULL,NULL,NULL,NULL,NULL,NULL),('1005','정신 질환, 정신 지체 및 약물 중독자 거주 복지시설 운영업',NULL,'EPR_BIZ_TYPE_CD','Y',NULL,NULL,NULL,NULL,NULL,NULL),('1006','정치 단체',NULL,'EPR_BIZ_TYPE_CD','Y',NULL,NULL,NULL,NULL,NULL,NULL),('1007','정형 내화 요업제품 제조업',NULL,'EPR_BIZ_TYPE_CD','Y',NULL,NULL,NULL,NULL,NULL,NULL),('1008','정형 외과용 및 신체 보정용 기기 제조업',NULL,'EPR_BIZ_TYPE_CD','Y',NULL,NULL,NULL,NULL,NULL,NULL),('1009','젖소 사육업',NULL,'EPR_BIZ_TYPE_CD','Y',NULL,NULL,NULL,NULL,NULL,NULL),('101','공기 조화장치 제조업',NULL,'EPR_BIZ_TYPE_CD','Y',NULL,NULL,NULL,NULL,NULL,NULL),('1010','제강업',NULL,'EPR_BIZ_TYPE_CD','Y',NULL,NULL,NULL,NULL,NULL,NULL),('1011','제과점업',NULL,'EPR_BIZ_TYPE_CD','Y',NULL,NULL,NULL,NULL,NULL,NULL),('1012','제도업',NULL,'EPR_BIZ_TYPE_CD','Y',NULL,NULL,NULL,NULL,NULL,NULL),('1013','제조업 및 유사 산업용 건물 건설업',NULL,'EPR_BIZ_TYPE_CD','Y',NULL,NULL,NULL,NULL,NULL,NULL),('1014','제책업',NULL,'EPR_BIZ_TYPE_CD','Y',NULL,NULL,NULL,NULL,NULL,NULL),('1015','제철업',NULL,'EPR_BIZ_TYPE_CD','Y',NULL,NULL,NULL,NULL,NULL,NULL),('1016','제판 및 조판업',NULL,'EPR_BIZ_TYPE_CD','Y',NULL,NULL,NULL,NULL,NULL,NULL),('1017','제품 디자인업',NULL,'EPR_BIZ_TYPE_CD','Y',NULL,NULL,NULL,NULL,NULL,NULL),('1018','조경 건설업',NULL,'EPR_BIZ_TYPE_CD','Y',NULL,NULL,NULL,NULL,NULL,NULL),('1019','조경관리 및 유지 서비스업',NULL,'EPR_BIZ_TYPE_CD','Y',NULL,NULL,NULL,NULL,NULL,NULL),('102','공업 특성화 고등학교',NULL,'EPR_BIZ_TYPE_CD','Y',NULL,NULL,NULL,NULL,NULL,NULL),('1020','조리 반찬류 소매업',NULL,'EPR_BIZ_TYPE_CD','Y',NULL,NULL,NULL,NULL,NULL,NULL),('1021','조미료 도매업',NULL,'EPR_BIZ_TYPE_CD','Y',NULL,NULL,NULL,NULL,NULL,NULL),('1022','조적 및 석공사업',NULL,'EPR_BIZ_TYPE_CD','Y',NULL,NULL,NULL,NULL,NULL,NULL),('1023','종이 원지, 판지, 종이상자 도매업',NULL,'EPR_BIZ_TYPE_CD','Y',NULL,NULL,NULL,NULL,NULL,NULL),('1024','종이 포대 및 가방 제조업',NULL,'EPR_BIZ_TYPE_CD','Y',NULL,NULL,NULL,NULL,NULL,NULL),('1025','종자 및 묘목 도매업',NULL,'EPR_BIZ_TYPE_CD','Y',NULL,NULL,NULL,NULL,NULL,NULL),('1026','종자 및 묘목 생산업',NULL,'EPR_BIZ_TYPE_CD','Y',NULL,NULL,NULL,NULL,NULL,NULL),('1027','종합 스포츠시설 운영업',NULL,'EPR_BIZ_TYPE_CD','Y',NULL,NULL,NULL,NULL,NULL,NULL),('1028','종합병원',NULL,'EPR_BIZ_TYPE_CD','Y',NULL,NULL,NULL,NULL,NULL,NULL),('1029','종합복지관 운영업',NULL,'EPR_BIZ_TYPE_CD','Y',NULL,NULL,NULL,NULL,NULL,NULL),('103','공연 기획업',NULL,'EPR_BIZ_TYPE_CD','Y',NULL,NULL,NULL,NULL,NULL,NULL),('1030','주거용 건물 개발 및 공급업',NULL,'EPR_BIZ_TYPE_CD','Y',NULL,NULL,NULL,NULL,NULL,NULL),('1031','주거용 건물 건설업',NULL,'EPR_BIZ_TYPE_CD','Y',NULL,NULL,NULL,NULL,NULL,NULL),('1032','주거용 건물 임대업',NULL,'EPR_BIZ_TYPE_CD','Y',NULL,NULL,NULL,NULL,NULL,NULL),('1033','주거용 건물 임대업(장기임대공동·단독주택)',NULL,'EPR_BIZ_TYPE_CD','Y',NULL,NULL,NULL,NULL,NULL,NULL),('1034','주거용 건물 임대업(장기임대다가구주택)',NULL,'EPR_BIZ_TYPE_CD','Y',NULL,NULL,NULL,NULL,NULL,NULL),('1035','주거용 부동산 관리업',NULL,'EPR_BIZ_TYPE_CD','Y',NULL,NULL,NULL,NULL,NULL,NULL),('1036','주류 도매업',NULL,'EPR_BIZ_TYPE_CD','Y',NULL,NULL,NULL,NULL,NULL,NULL),('1037','주방용 및 음식점용 목재 가구 제조업',NULL,'EPR_BIZ_TYPE_CD','Y',NULL,NULL,NULL,NULL,NULL,NULL),('1038','주방용 전기 기기 제조업',NULL,'EPR_BIZ_TYPE_CD','Y',NULL,NULL,NULL,NULL,NULL,NULL),('1039','주방용품 및 가정용 유리, 요업제품 소매업',NULL,'EPR_BIZ_TYPE_CD','Y',NULL,NULL,NULL,NULL,NULL,NULL),('104','공연 및 제작관련 대리업',NULL,'EPR_BIZ_TYPE_CD','Y',NULL,NULL,NULL,NULL,NULL,NULL),('1040','주정 제조업',NULL,'EPR_BIZ_TYPE_CD','Y',NULL,NULL,NULL,NULL,NULL,NULL),('1041','주차장 운영업',NULL,'EPR_BIZ_TYPE_CD','Y',NULL,NULL,NULL,NULL,NULL,NULL),('1042','주철관 제조업',NULL,'EPR_BIZ_TYPE_CD','Y',NULL,NULL,NULL,NULL,NULL,NULL),('1043','주한 외국 공관',NULL,'EPR_BIZ_TYPE_CD','Y',NULL,NULL,NULL,NULL,NULL,NULL),('1044','주형 및 금형 제조업',NULL,'EPR_BIZ_TYPE_CD','Y',NULL,NULL,NULL,NULL,NULL,NULL),('1045','중고 가구 소매업',NULL,'EPR_BIZ_TYPE_CD','Y',NULL,NULL,NULL,NULL,NULL,NULL),('1046','중고 가전제품 및 통신장비 소매업',NULL,'EPR_BIZ_TYPE_CD','Y',NULL,NULL,NULL,NULL,NULL,NULL),('1047','중고 자동차 판매업',NULL,'EPR_BIZ_TYPE_CD','Y',NULL,NULL,NULL,NULL,NULL,NULL),('1048','중식 음식점업',NULL,'EPR_BIZ_TYPE_CD','Y',NULL,NULL,NULL,NULL,NULL,NULL),('1049','중앙 최고 집행기관',NULL,'EPR_BIZ_TYPE_CD','Y',NULL,NULL,NULL,NULL,NULL,NULL),('105','공연시설 운영업',NULL,'EPR_BIZ_TYPE_CD','Y',NULL,NULL,NULL,NULL,NULL,NULL),('1050','중앙은행',NULL,'EPR_BIZ_TYPE_CD','Y',NULL,NULL,NULL,NULL,NULL,NULL),('1051','중학교',NULL,'EPR_BIZ_TYPE_CD','Y',NULL,NULL,NULL,NULL,NULL,NULL),('1052','증권 발행, 관리, 보관 및 거래 지원 서비스업',NULL,'EPR_BIZ_TYPE_CD','Y',NULL,NULL,NULL,NULL,NULL,NULL),('1053','증권 중개업',NULL,'EPR_BIZ_TYPE_CD','Y',NULL,NULL,NULL,NULL,NULL,NULL),('1054','증기, 냉ㆍ온수 및 공기 조절 공급업',NULL,'EPR_BIZ_TYPE_CD','Y',NULL,NULL,NULL,NULL,NULL,NULL),('1055','증류기, 열 교환기 및 가스 발생기 제조업',NULL,'EPR_BIZ_TYPE_CD','Y',NULL,NULL,NULL,NULL,NULL,NULL),('1056','지도 제작업',NULL,'EPR_BIZ_TYPE_CD','Y',NULL,NULL,NULL,NULL,NULL,NULL),('1057','지반조성 건설업',NULL,'EPR_BIZ_TYPE_CD','Y',NULL,NULL,NULL,NULL,NULL,NULL),('1058','지방행정 집행기관',NULL,'EPR_BIZ_TYPE_CD','Y',NULL,NULL,NULL,NULL,NULL,NULL),('1059','지붕, 내ㆍ외벽 축조 관련 전문공사업',NULL,'EPR_BIZ_TYPE_CD','Y',NULL,NULL,NULL,NULL,NULL,NULL),('106','공영 우편업',NULL,'EPR_BIZ_TYPE_CD','Y',NULL,NULL,NULL,NULL,NULL,NULL),('1060','지상파 방송업',NULL,'EPR_BIZ_TYPE_CD','Y',NULL,NULL,NULL,NULL,NULL,NULL),('1061','지정 외 폐기물 수집, 운반업',NULL,'EPR_BIZ_TYPE_CD','Y',NULL,NULL,NULL,NULL,NULL,NULL),('1062','지정 외 폐기물 처리업',NULL,'EPR_BIZ_TYPE_CD','Y',NULL,NULL,NULL,NULL,NULL,NULL),('1063','지정 폐기물 수집, 운반업',NULL,'EPR_BIZ_TYPE_CD','Y',NULL,NULL,NULL,NULL,NULL,NULL),('1064','지정 폐기물 처리업',NULL,'EPR_BIZ_TYPE_CD','Y',NULL,NULL,NULL,NULL,NULL,NULL),('1065','지주회사',NULL,'EPR_BIZ_TYPE_CD','Y',NULL,NULL,NULL,NULL,NULL,NULL),('1066','지질 조사 및 탐사업',NULL,'EPR_BIZ_TYPE_CD','Y',NULL,NULL,NULL,NULL,NULL,NULL),('1067','직물 도매업',NULL,'EPR_BIZ_TYPE_CD','Y',NULL,NULL,NULL,NULL,NULL,NULL),('1068','직물, 편조 원단 및 의복류 염색 가공업',NULL,'EPR_BIZ_TYPE_CD','Y',NULL,NULL,NULL,NULL,NULL,NULL),('1069','직물포대 제조업',NULL,'EPR_BIZ_TYPE_CD','Y',NULL,NULL,NULL,NULL,NULL,NULL),('107','공인회계사업',NULL,'EPR_BIZ_TYPE_CD','Y',NULL,NULL,NULL,NULL,NULL,NULL),('1070','직업 재활원 운영업',NULL,'EPR_BIZ_TYPE_CD','Y',NULL,NULL,NULL,NULL,NULL,NULL),('1071','직업운동가',NULL,'EPR_BIZ_TYPE_CD','Y',NULL,NULL,NULL,NULL,NULL,NULL),('1072','직원 훈련기관',NULL,'EPR_BIZ_TYPE_CD','Y',NULL,NULL,NULL,NULL,NULL,NULL),('1073','질소 화합물, 질소ㆍ인산 및 칼리질 화학비료 제조업',NULL,'EPR_BIZ_TYPE_CD','Y',NULL,NULL,NULL,NULL,NULL,NULL),('1074','차류 가공업',NULL,'EPR_BIZ_TYPE_CD','Y',NULL,NULL,NULL,NULL,NULL,NULL),('1075','차체 및 특장차 제조업',NULL,'EPR_BIZ_TYPE_CD','Y',NULL,NULL,NULL,NULL,NULL,NULL),('1076','채소, 과실 및 뿌리작물 소매업',NULL,'EPR_BIZ_TYPE_CD','Y',NULL,NULL,NULL,NULL,NULL,NULL),('1077','채소, 화훼 및 과실작물 시설 재배업',NULL,'EPR_BIZ_TYPE_CD','Y',NULL,NULL,NULL,NULL,NULL,NULL),('1078','채소류, 서류 및 향신작물류 도매업',NULL,'EPR_BIZ_TYPE_CD','Y',NULL,NULL,NULL,NULL,NULL,NULL),('1079','채소작물 재배업',NULL,'EPR_BIZ_TYPE_CD','Y',NULL,NULL,NULL,NULL,NULL,NULL),('108','공인회계사업(기장대리), 기타 회계 관련 서비스업',NULL,'EPR_BIZ_TYPE_CD','Y',NULL,NULL,NULL,NULL,NULL,NULL),('1080','천도교 단체',NULL,'EPR_BIZ_TYPE_CD','Y',NULL,NULL,NULL,NULL,NULL,NULL),('1081','천막, 텐트 및 유사 제품 제조업',NULL,'EPR_BIZ_TYPE_CD','Y',NULL,NULL,NULL,NULL,NULL,NULL),('1082','천연 및 혼합 조제 조미료 제조업',NULL,'EPR_BIZ_TYPE_CD','Y',NULL,NULL,NULL,NULL,NULL,NULL),('1083','천연수지 및 나무 화학 물질 제조업',NULL,'EPR_BIZ_TYPE_CD','Y',NULL,NULL,NULL,NULL,NULL,NULL),('1084','천일염 생산 및 암염 채취업',NULL,'EPR_BIZ_TYPE_CD','Y',NULL,NULL,NULL,NULL,NULL,NULL),('1085','천주교 단체',NULL,'EPR_BIZ_TYPE_CD','Y',NULL,NULL,NULL,NULL,NULL,NULL),('1086','철 광업',NULL,'EPR_BIZ_TYPE_CD','Y',NULL,NULL,NULL,NULL,NULL,NULL),('1087','철 광업(조광권자)',NULL,'EPR_BIZ_TYPE_CD','Y',NULL,NULL,NULL,NULL,NULL,NULL),('1088','철강선 제조업',NULL,'EPR_BIZ_TYPE_CD','Y',NULL,NULL,NULL,NULL,NULL,NULL),('1089','철골 및 관련 구조물 공사업',NULL,'EPR_BIZ_TYPE_CD','Y',NULL,NULL,NULL,NULL,NULL,NULL),('109','공작용 기계 및 장비 도매업',NULL,'EPR_BIZ_TYPE_CD','Y',NULL,NULL,NULL,NULL,NULL,NULL),('1090','철도 궤도 전문공사업',NULL,'EPR_BIZ_TYPE_CD','Y',NULL,NULL,NULL,NULL,NULL,NULL),('1091','철도 여객 운송업',NULL,'EPR_BIZ_TYPE_CD','Y',NULL,NULL,NULL,NULL,NULL,NULL),('1092','철도 운송 지원 서비스업',NULL,'EPR_BIZ_TYPE_CD','Y',NULL,NULL,NULL,NULL,NULL,NULL),('1093','철도 차량 부품 및 관련 장치물 제조업',NULL,'EPR_BIZ_TYPE_CD','Y',NULL,NULL,NULL,NULL,NULL,NULL),('1094','철도 화물 운송업',NULL,'EPR_BIZ_TYPE_CD','Y',NULL,NULL,NULL,NULL,NULL,NULL),('1095','철물 및 난방용구 소매업',NULL,'EPR_BIZ_TYPE_CD','Y',NULL,NULL,NULL,NULL,NULL,NULL),('1096','철물, 금속 파스너 및 수공구 도매업',NULL,'EPR_BIZ_TYPE_CD','Y',NULL,NULL,NULL,NULL,NULL,NULL),('1097','청소년 수련시설 운영업',NULL,'EPR_BIZ_TYPE_CD','Y',NULL,NULL,NULL,NULL,NULL,NULL),('1098','체력 단련시설 운영업',NULL,'EPR_BIZ_TYPE_CD','Y',NULL,NULL,NULL,NULL,NULL,NULL),('1099','체육 공원 및 유사 공원 운영업',NULL,'EPR_BIZ_TYPE_CD','Y',NULL,NULL,NULL,NULL,NULL,NULL),('11','가발 및 유사 제품 제조업',NULL,'EPR_BIZ_TYPE_CD','Y',NULL,NULL,NULL,NULL,NULL,NULL),('110','공중 보건 의료업',NULL,'EPR_BIZ_TYPE_CD','Y',NULL,NULL,NULL,NULL,NULL,NULL),('1100','체인화 편의점',NULL,'EPR_BIZ_TYPE_CD','Y',NULL,NULL,NULL,NULL,NULL,NULL),('1101','체조, 육상 및 체력 단련용 장비 제조업',NULL,'EPR_BIZ_TYPE_CD','Y',NULL,NULL,NULL,NULL,NULL,NULL),('1102','체형 등 기타 신체 관리 서비스업',NULL,'EPR_BIZ_TYPE_CD','Y',NULL,NULL,NULL,NULL,NULL,NULL),('1103','초등학교',NULL,'EPR_BIZ_TYPE_CD','Y',NULL,NULL,NULL,NULL,NULL,NULL),('1104','축산 관련 서비스업',NULL,'EPR_BIZ_TYPE_CD','Y',NULL,NULL,NULL,NULL,NULL,NULL),('1105','축산 분뇨 처리업',NULL,'EPR_BIZ_TYPE_CD','Y',NULL,NULL,NULL,NULL,NULL,NULL),('1106','축전지 제조업',NULL,'EPR_BIZ_TYPE_CD','Y',NULL,NULL,NULL,NULL,NULL,NULL),('1107','출장 음식 서비스업',NULL,'EPR_BIZ_TYPE_CD','Y',NULL,NULL,NULL,NULL,NULL,NULL),('1108','측량업',NULL,'EPR_BIZ_TYPE_CD','Y',NULL,NULL,NULL,NULL,NULL,NULL),('1109','치과병원',NULL,'EPR_BIZ_TYPE_CD','Y',NULL,NULL,NULL,NULL,NULL,NULL),('111','공항 운영업',NULL,'EPR_BIZ_TYPE_CD','Y',NULL,NULL,NULL,NULL,NULL,NULL),('1110','치과용 기기 제조업',NULL,'EPR_BIZ_TYPE_CD','Y',NULL,NULL,NULL,NULL,NULL,NULL),('1111','치과의원',NULL,'EPR_BIZ_TYPE_CD','Y',NULL,NULL,NULL,NULL,NULL,NULL),('1112','치약, 비누 및 기타 세제 제조업',NULL,'EPR_BIZ_TYPE_CD','Y',NULL,NULL,NULL,NULL,NULL,NULL),('1113','치킨 전문점',NULL,'EPR_BIZ_TYPE_CD','Y',NULL,NULL,NULL,NULL,NULL,NULL),('1114','침구 및 관련제품 제조업',NULL,'EPR_BIZ_TYPE_CD','Y',NULL,NULL,NULL,NULL,NULL,NULL),('1115','카펫, 마루덮개 및 유사 제품 제조업',NULL,'EPR_BIZ_TYPE_CD','Y',NULL,NULL,NULL,NULL,NULL,NULL),('1116','커튼 및 유사 제품 제조업',NULL,'EPR_BIZ_TYPE_CD','Y',NULL,NULL,NULL,NULL,NULL,NULL),('1117','커튼 및 침구용품 도매업',NULL,'EPR_BIZ_TYPE_CD','Y',NULL,NULL,NULL,NULL,NULL,NULL),('1118','커피 가공업',NULL,'EPR_BIZ_TYPE_CD','Y',NULL,NULL,NULL,NULL,NULL,NULL),('1119','커피 및 차류 도매업',NULL,'EPR_BIZ_TYPE_CD','Y',NULL,NULL,NULL,NULL,NULL,NULL),('112','과실 및 그 외 채소 절임식품 제조업',NULL,'EPR_BIZ_TYPE_CD','Y',NULL,NULL,NULL,NULL,NULL,NULL),('1120','커피 전문점',NULL,'EPR_BIZ_TYPE_CD','Y',NULL,NULL,NULL,NULL,NULL,NULL),('1121','컨베이어 장치 제조업',NULL,'EPR_BIZ_TYPE_CD','Y',NULL,NULL,NULL,NULL,NULL,NULL),('1122','컴퓨터 게임방 운영업',NULL,'EPR_BIZ_TYPE_CD','Y',NULL,NULL,NULL,NULL,NULL,NULL),('1123','컴퓨터 모니터 제조업',NULL,'EPR_BIZ_TYPE_CD','Y',NULL,NULL,NULL,NULL,NULL,NULL),('1124','컴퓨터 및 사무용 기계ㆍ장비 임대업',NULL,'EPR_BIZ_TYPE_CD','Y',NULL,NULL,NULL,NULL,NULL,NULL),('1125','컴퓨터 및 주변 기기 수리업',NULL,'EPR_BIZ_TYPE_CD','Y',NULL,NULL,NULL,NULL,NULL,NULL),('1126','컴퓨터 및 주변장치, 소프트웨어 도매업',NULL,'EPR_BIZ_TYPE_CD','Y',NULL,NULL,NULL,NULL,NULL,NULL),('1127','컴퓨터 및 주변장치, 소프트웨어 소매업',NULL,'EPR_BIZ_TYPE_CD','Y',NULL,NULL,NULL,NULL,NULL,NULL),('1128','컴퓨터 시스템 통합 자문 및 구축 서비스업',NULL,'EPR_BIZ_TYPE_CD','Y',NULL,NULL,NULL,NULL,NULL,NULL),('1129','컴퓨터 제조업',NULL,'EPR_BIZ_TYPE_CD','Y',NULL,NULL,NULL,NULL,NULL,NULL),('113','과실류 도매업',NULL,'EPR_BIZ_TYPE_CD','Y',NULL,NULL,NULL,NULL,NULL,NULL),('1130','컴퓨터 프로그래밍 서비스업',NULL,'EPR_BIZ_TYPE_CD','Y',NULL,NULL,NULL,NULL,NULL,NULL),('1131','컴퓨터 프린터 제조업',NULL,'EPR_BIZ_TYPE_CD','Y',NULL,NULL,NULL,NULL,NULL,NULL),('1132','컴퓨터 학원',NULL,'EPR_BIZ_TYPE_CD','Y',NULL,NULL,NULL,NULL,NULL,NULL),('1133','컴퓨터시설 관리업',NULL,'EPR_BIZ_TYPE_CD','Y',NULL,NULL,NULL,NULL,NULL,NULL),('1134','코르크 및 조물 제품 제조업',NULL,'EPR_BIZ_TYPE_CD','Y',NULL,NULL,NULL,NULL,NULL,NULL),('1135','코크스 및 관련제품 제조업',NULL,'EPR_BIZ_TYPE_CD','Y',NULL,NULL,NULL,NULL,NULL,NULL),('1136','콘크리트 관 및 기타 구조용 콘크리트제품 제조업',NULL,'EPR_BIZ_TYPE_CD','Y',NULL,NULL,NULL,NULL,NULL,NULL),('1137','콘크리트 및 철근 공사업',NULL,'EPR_BIZ_TYPE_CD','Y',NULL,NULL,NULL,NULL,NULL,NULL),('1138','콘크리트 타일, 기와, 벽돌 및 블록 제조업',NULL,'EPR_BIZ_TYPE_CD','Y',NULL,NULL,NULL,NULL,NULL,NULL),('1139','콜센터 및 텔레마케팅 서비스업',NULL,'EPR_BIZ_TYPE_CD','Y',NULL,NULL,NULL,NULL,NULL,NULL),('114','과실작물 재배업',NULL,'EPR_BIZ_TYPE_CD','Y',NULL,NULL,NULL,NULL,NULL,NULL),('1140','콩나물 재배업',NULL,'EPR_BIZ_TYPE_CD','Y',NULL,NULL,NULL,NULL,NULL,NULL),('1141','퀵서비스배달원',NULL,'EPR_BIZ_TYPE_CD','Y',NULL,NULL,NULL,NULL,NULL,NULL),('1142','크라프트지 및 상자용 판지 제조업',NULL,'EPR_BIZ_TYPE_CD','Y',NULL,NULL,NULL,NULL,NULL,NULL),('1143','타이어 및 튜브 제조업',NULL,'EPR_BIZ_TYPE_CD','Y',NULL,NULL,NULL,NULL,NULL,NULL),('1144','타이어 재생업',NULL,'EPR_BIZ_TYPE_CD','Y',NULL,NULL,NULL,NULL,NULL,NULL),('1145','타일 및 유사 비내화 요업제품 제조업',NULL,'EPR_BIZ_TYPE_CD','Y',NULL,NULL,NULL,NULL,NULL,NULL),('1146','탁주 및 약주 제조업',NULL,'EPR_BIZ_TYPE_CD','Y',NULL,NULL,NULL,NULL,NULL,NULL),('1147','탄소섬유 제조업',NULL,'EPR_BIZ_TYPE_CD','Y',NULL,NULL,NULL,NULL,NULL,NULL),('1148','탐정 및 조사 서비스업',NULL,'EPR_BIZ_TYPE_CD','Y',NULL,NULL,NULL,NULL,NULL,NULL),('1149','태권도 및 무술 교육기관',NULL,'EPR_BIZ_TYPE_CD','Y',NULL,NULL,NULL,NULL,NULL,NULL),('115','과자류 및 코코아 제품 제조업',NULL,'EPR_BIZ_TYPE_CD','Y',NULL,NULL,NULL,NULL,NULL,NULL),('1150','태양력 발전업',NULL,'EPR_BIZ_TYPE_CD','Y',NULL,NULL,NULL,NULL,NULL,NULL),('1151','택배업',NULL,'EPR_BIZ_TYPE_CD','Y',NULL,NULL,NULL,NULL,NULL,NULL),('1152','택시 운송업',NULL,'EPR_BIZ_TYPE_CD','Y',NULL,NULL,NULL,NULL,NULL,NULL),('1153','탭, 밸브 및 유사 장치 제조업',NULL,'EPR_BIZ_TYPE_CD','Y',NULL,NULL,NULL,NULL,NULL,NULL),('1154','텔레비전 제조업',NULL,'EPR_BIZ_TYPE_CD','Y',NULL,NULL,NULL,NULL,NULL,NULL),('1155','토공사업',NULL,'EPR_BIZ_TYPE_CD','Y',NULL,NULL,NULL,NULL,NULL,NULL),('1156','토양 및 지하수 정화업',NULL,'EPR_BIZ_TYPE_CD','Y',NULL,NULL,NULL,NULL,NULL,NULL),('1157','톱 및 호환성 공구 제조업',NULL,'EPR_BIZ_TYPE_CD','Y',NULL,NULL,NULL,NULL,NULL,NULL),('1158','통관 대리 및 관련서비스업',NULL,'EPR_BIZ_TYPE_CD','Y',NULL,NULL,NULL,NULL,NULL,NULL),('1159','통관 대리 및 관련서비스업, 화물 운송 중개, 대리 및 관련 서비스업',NULL,'EPR_BIZ_TYPE_CD','Y',NULL,NULL,NULL,NULL,NULL,NULL),('116','광고 대행업',NULL,'EPR_BIZ_TYPE_CD','Y',NULL,NULL,NULL,NULL,NULL,NULL),('1160','통신 재판매업',NULL,'EPR_BIZ_TYPE_CD','Y',NULL,NULL,NULL,NULL,NULL,NULL),('1161','통신ㆍ방송장비 및 부품 도매업',NULL,'EPR_BIZ_TYPE_CD','Y',NULL,NULL,NULL,NULL,NULL,NULL),('1162','통신기기 소매업',NULL,'EPR_BIZ_TYPE_CD','Y',NULL,NULL,NULL,NULL,NULL,NULL),('1163','통신장비 수리업',NULL,'EPR_BIZ_TYPE_CD','Y',NULL,NULL,NULL,NULL,NULL,NULL),('1164','투자 자문업 및 투자 일임업',NULL,'EPR_BIZ_TYPE_CD','Y',NULL,NULL,NULL,NULL,NULL,NULL),('1165','트레일러 및 세미 트레일러 제조업',NULL,'EPR_BIZ_TYPE_CD','Y',NULL,NULL,NULL,NULL,NULL,NULL),('1166','특수 여객 자동차 운송업',NULL,'EPR_BIZ_TYPE_CD','Y',NULL,NULL,NULL,NULL,NULL,NULL),('1167','특수사 및 코드직물 제조업',NULL,'EPR_BIZ_TYPE_CD','Y',NULL,NULL,NULL,NULL,NULL,NULL),('1168','특수직물 및 기타 직물 직조업',NULL,'EPR_BIZ_TYPE_CD','Y',NULL,NULL,NULL,NULL,NULL,NULL),('1169','특수학교',NULL,'EPR_BIZ_TYPE_CD','Y',NULL,NULL,NULL,NULL,NULL,NULL),('117','광고 매체 판매업',NULL,'EPR_BIZ_TYPE_CD','Y',NULL,NULL,NULL,NULL,NULL,NULL),('1170','파이프라인 운송업',NULL,'EPR_BIZ_TYPE_CD','Y',NULL,NULL,NULL,NULL,NULL,NULL),('1171','파일공사 및 축조관련 기초 공사업',NULL,'EPR_BIZ_TYPE_CD','Y',NULL,NULL,NULL,NULL,NULL,NULL),('1172','판유리 제조업',NULL,'EPR_BIZ_TYPE_CD','Y',NULL,NULL,NULL,NULL,NULL,NULL),('1173','판지 상자 및 용기 제조업',NULL,'EPR_BIZ_TYPE_CD','Y',NULL,NULL,NULL,NULL,NULL,NULL),('1174','패션, 섬유류 및 기타 전문 디자인업',NULL,'EPR_BIZ_TYPE_CD','Y',NULL,NULL,NULL,NULL,NULL,NULL),('1175','펄프 및 종이 가공용 기계 제조업',NULL,'EPR_BIZ_TYPE_CD','Y',NULL,NULL,NULL,NULL,NULL,NULL),('1176','펄프 제조업',NULL,'EPR_BIZ_TYPE_CD','Y',NULL,NULL,NULL,NULL,NULL,NULL),('1177','페인트, 창호 및 기타 건설자재 소매업',NULL,'EPR_BIZ_TYPE_CD','Y',NULL,NULL,NULL,NULL,NULL,NULL),('1178','편조 원단 제조업',NULL,'EPR_BIZ_TYPE_CD','Y',NULL,NULL,NULL,NULL,NULL,NULL),('1179','편조의복 제조업',NULL,'EPR_BIZ_TYPE_CD','Y',NULL,NULL,NULL,NULL,NULL,NULL),('118','광고 영화 및 비디오물 제작업',NULL,'EPR_BIZ_TYPE_CD','Y',NULL,NULL,NULL,NULL,NULL,NULL),('1180','폐수 처리업',NULL,'EPR_BIZ_TYPE_CD','Y',NULL,NULL,NULL,NULL,NULL,NULL),('1181','포장 공사업',NULL,'EPR_BIZ_TYPE_CD','Y',NULL,NULL,NULL,NULL,NULL,NULL),('1182','포장 및 충전업',NULL,'EPR_BIZ_TYPE_CD','Y',NULL,NULL,NULL,NULL,NULL,NULL),('1183','포장용 유리용기 제조업',NULL,'EPR_BIZ_TYPE_CD','Y',NULL,NULL,NULL,NULL,NULL,NULL),('1184','포장용 플라스틱 성형용기 제조업',NULL,'EPR_BIZ_TYPE_CD','Y',NULL,NULL,NULL,NULL,NULL,NULL),('1185','포털 및 기타 인터넷 정보 매개 서비스업',NULL,'EPR_BIZ_TYPE_CD','Y',NULL,NULL,NULL,NULL,NULL,NULL),('1186','폴리스티렌 발포 성형제품 제조업',NULL,'EPR_BIZ_TYPE_CD','Y',NULL,NULL,NULL,NULL,NULL,NULL),('1187','표구 처리업',NULL,'EPR_BIZ_TYPE_CD','Y',NULL,NULL,NULL,NULL,NULL,NULL),('1188','표면 가공목재 및 특정 목적용 제재목 제조업',NULL,'EPR_BIZ_TYPE_CD','Y',NULL,NULL,NULL,NULL,NULL,NULL),('1189','표면 광택제 및 실내 가향제 제조업',NULL,'EPR_BIZ_TYPE_CD','Y',NULL,NULL,NULL,NULL,NULL,NULL),('119','광고물 문안, 도안, 설계 등 작성업',NULL,'EPR_BIZ_TYPE_CD','Y',NULL,NULL,NULL,NULL,NULL,NULL),('1190','표면처리 및 적층 직물 제조업',NULL,'EPR_BIZ_TYPE_CD','Y',NULL,NULL,NULL,NULL,NULL,NULL),('1191','프로그램 공급업',NULL,'EPR_BIZ_TYPE_CD','Y',NULL,NULL,NULL,NULL,NULL,NULL),('1192','플라스터 혼합제품 제조업',NULL,'EPR_BIZ_TYPE_CD','Y',NULL,NULL,NULL,NULL,NULL,NULL),('1193','플라스틱 물질 및 합성고무 도매업',NULL,'EPR_BIZ_TYPE_CD','Y',NULL,NULL,NULL,NULL,NULL,NULL),('1194','플라스틱 선, 봉, 관 및 호스 제조업',NULL,'EPR_BIZ_TYPE_CD','Y',NULL,NULL,NULL,NULL,NULL,NULL),('1195','플라스틱 시트 및 판 제조업',NULL,'EPR_BIZ_TYPE_CD','Y',NULL,NULL,NULL,NULL,NULL,NULL),('1196','플라스틱 적층, 도포 및 기타 표면처리 제품 제조업',NULL,'EPR_BIZ_TYPE_CD','Y',NULL,NULL,NULL,NULL,NULL,NULL),('1197','플라스틱 접착처리 제품 제조업',NULL,'EPR_BIZ_TYPE_CD','Y',NULL,NULL,NULL,NULL,NULL,NULL),('1198','플라스틱 창호 제조업',NULL,'EPR_BIZ_TYPE_CD','Y',NULL,NULL,NULL,NULL,NULL,NULL),('1199','플라스틱 포대, 봉투 및 유사제품 제조업',NULL,'EPR_BIZ_TYPE_CD','Y',NULL,NULL,NULL,NULL,NULL,NULL),('12','가방 및 기타 가죽제품 소매업',NULL,'EPR_BIZ_TYPE_CD','Y',NULL,NULL,NULL,NULL,NULL,NULL),('120','광물 처리 및 취급장비 제조업',NULL,'EPR_BIZ_TYPE_CD','Y',NULL,NULL,NULL,NULL,NULL,NULL),('1200','플라스틱 필름 제조업',NULL,'EPR_BIZ_TYPE_CD','Y',NULL,NULL,NULL,NULL,NULL,NULL),('1201','플라스틱 합성피혁 제조업',NULL,'EPR_BIZ_TYPE_CD','Y',NULL,NULL,NULL,NULL,NULL,NULL),('1202','피복 및 충전 용접봉 제조업',NULL,'EPR_BIZ_TYPE_CD','Y',NULL,NULL,NULL,NULL,NULL,NULL),('1203','피부 미용업',NULL,'EPR_BIZ_TYPE_CD','Y',NULL,NULL,NULL,NULL,NULL,NULL),('1204','피자, 햄버거, 샌드위치 및 유사 음식점업',NULL,'EPR_BIZ_TYPE_CD','Y',NULL,NULL,NULL,NULL,NULL,NULL),('1205','하수 처리업',NULL,'EPR_BIZ_TYPE_CD','Y',NULL,NULL,NULL,NULL,NULL,NULL),('1206','학원강사,강사,과외교습자,재단사',NULL,'EPR_BIZ_TYPE_CD','Y',NULL,NULL,NULL,NULL,NULL,NULL),('1207','한방병원',NULL,'EPR_BIZ_TYPE_CD','Y',NULL,NULL,NULL,NULL,NULL,NULL),('1208','한복 소매업',NULL,'EPR_BIZ_TYPE_CD','Y',NULL,NULL,NULL,NULL,NULL,NULL),('1209','한복 제조업',NULL,'EPR_BIZ_TYPE_CD','Y',NULL,NULL,NULL,NULL,NULL,NULL),('121','광섬유 케이블 제조업',NULL,'EPR_BIZ_TYPE_CD','Y',NULL,NULL,NULL,NULL,NULL,NULL),('1210','한식 면 요리 전문점',NULL,'EPR_BIZ_TYPE_CD','Y',NULL,NULL,NULL,NULL,NULL,NULL),('1211','한식 육류 요리 전문점',NULL,'EPR_BIZ_TYPE_CD','Y',NULL,NULL,NULL,NULL,NULL,NULL),('1212','한식 일반 음식점업',NULL,'EPR_BIZ_TYPE_CD','Y',NULL,NULL,NULL,NULL,NULL,NULL),('1213','한식 해산물 요리 전문점',NULL,'EPR_BIZ_TYPE_CD','Y',NULL,NULL,NULL,NULL,NULL,NULL),('1214','한의약품 제조업',NULL,'EPR_BIZ_TYPE_CD','Y',NULL,NULL,NULL,NULL,NULL,NULL),('1215','한의원',NULL,'EPR_BIZ_TYPE_CD','Y',NULL,NULL,NULL,NULL,NULL,NULL),('1216','합금철 제조업',NULL,'EPR_BIZ_TYPE_CD','Y',NULL,NULL,NULL,NULL,NULL,NULL),('1217','합성고무 제조업',NULL,'EPR_BIZ_TYPE_CD','Y',NULL,NULL,NULL,NULL,NULL,NULL),('1218','합성섬유 제조업',NULL,'EPR_BIZ_TYPE_CD','Y',NULL,NULL,NULL,NULL,NULL,NULL),('1219','합성수지 및 기타 플라스틱 물질 제조업',NULL,'EPR_BIZ_TYPE_CD','Y',NULL,NULL,NULL,NULL,NULL,NULL),('122','광업 지원 서비스업',NULL,'EPR_BIZ_TYPE_CD','Y',NULL,NULL,NULL,NULL,NULL,NULL),('1220','합성수지선 건조업',NULL,'EPR_BIZ_TYPE_CD','Y',NULL,NULL,NULL,NULL,NULL,NULL),('1221','항공 및 육상 화물 취급업',NULL,'EPR_BIZ_TYPE_CD','Y',NULL,NULL,NULL,NULL,NULL,NULL),('1222','항공 여객 운송업',NULL,'EPR_BIZ_TYPE_CD','Y',NULL,NULL,NULL,NULL,NULL,NULL),('1223','항공 화물 운송업',NULL,'EPR_BIZ_TYPE_CD','Y',NULL,NULL,NULL,NULL,NULL,NULL),('1224','항공기용 부품 제조업',NULL,'EPR_BIZ_TYPE_CD','Y',NULL,NULL,NULL,NULL,NULL,NULL),('1225','항공기용 엔진 제조업',NULL,'EPR_BIZ_TYPE_CD','Y',NULL,NULL,NULL,NULL,NULL,NULL),('1226','항구 및 기타 해상 터미널 운영업',NULL,'EPR_BIZ_TYPE_CD','Y',NULL,NULL,NULL,NULL,NULL,NULL),('1227','항만 내 여객 운송업',NULL,'EPR_BIZ_TYPE_CD','Y',NULL,NULL,NULL,NULL,NULL,NULL),('1228','항만, 수로, 댐 및 유사 구조물 건설업',NULL,'EPR_BIZ_TYPE_CD','Y',NULL,NULL,NULL,NULL,NULL,NULL),('1229','해수면 양식 어업',NULL,'EPR_BIZ_TYPE_CD','Y',NULL,NULL,NULL,NULL,NULL,NULL),('123','광학 렌즈 및 광학 요소 제조업',NULL,'EPR_BIZ_TYPE_CD','Y',NULL,NULL,NULL,NULL,NULL,NULL),('1230','해외직구대행업',NULL,'EPR_BIZ_TYPE_CD','Y',NULL,NULL,NULL,NULL,NULL,NULL),('1231','핵반응기 및 증기보일러 제조업',NULL,'EPR_BIZ_TYPE_CD','Y',NULL,NULL,NULL,NULL,NULL,NULL),('1232','핸드백 및 지갑 제조업',NULL,'EPR_BIZ_TYPE_CD','Y',NULL,NULL,NULL,NULL,NULL,NULL),('1233','행사도우미',NULL,'EPR_BIZ_TYPE_CD','Y',NULL,NULL,NULL,NULL,NULL,NULL),('1234','호스팅 및 관련 서비스업',NULL,'EPR_BIZ_TYPE_CD','Y',NULL,NULL,NULL,NULL,NULL,NULL),('1235','호텔업',NULL,'EPR_BIZ_TYPE_CD','Y',NULL,NULL,NULL,NULL,NULL,NULL),('1236','혼성 및 재생 플라스틱 소재 물질 제조업',NULL,'EPR_BIZ_TYPE_CD','Y',NULL,NULL,NULL,NULL,NULL,NULL),('1237','화가 및 관련예술가',NULL,'EPR_BIZ_TYPE_CD','Y',NULL,NULL,NULL,NULL,NULL,NULL),('1238','화력 발전업',NULL,'EPR_BIZ_TYPE_CD','Y',NULL,NULL,NULL,NULL,NULL,NULL),('1239','화물 운송 중개, 대리 및 관련 서비스업',NULL,'EPR_BIZ_TYPE_CD','Y',NULL,NULL,NULL,NULL,NULL,NULL),('124','교과서 및 학습 서적 출판업',NULL,'EPR_BIZ_TYPE_CD','Y',NULL,NULL,NULL,NULL,NULL,NULL),('1240','화물 자동차 및 특수 목적용 자동차 제조업',NULL,'EPR_BIZ_TYPE_CD','Y',NULL,NULL,NULL,NULL,NULL,NULL),('1241','화물 포장, 검수 및 계량 서비스업',NULL,'EPR_BIZ_TYPE_CD','Y',NULL,NULL,NULL,NULL,NULL,NULL),('1242','화약 및 불꽃제품 제조업',NULL,'EPR_BIZ_TYPE_CD','Y',NULL,NULL,NULL,NULL,NULL,NULL),('1243','화장터 운영, 묘지 분양 및 관리업',NULL,'EPR_BIZ_TYPE_CD','Y',NULL,NULL,NULL,NULL,NULL,NULL),('1244','화장품 및 화장용품 도매업',NULL,'EPR_BIZ_TYPE_CD','Y',NULL,NULL,NULL,NULL,NULL,NULL),('1245','화장품 제조업',NULL,'EPR_BIZ_TYPE_CD','Y',NULL,NULL,NULL,NULL,NULL,NULL),('1246','화장품, 비누 및 방향제 소매업',NULL,'EPR_BIZ_TYPE_CD','Y',NULL,NULL,NULL,NULL,NULL,NULL),('1247','화초 및 식물 소매업',NULL,'EPR_BIZ_TYPE_CD','Y',NULL,NULL,NULL,NULL,NULL,NULL),('1248','화학 살균ㆍ살충제 및 농업용 약제 제조업',NULL,'EPR_BIZ_TYPE_CD','Y',NULL,NULL,NULL,NULL,NULL,NULL),('1249','화학섬유 방적업',NULL,'EPR_BIZ_TYPE_CD','Y',NULL,NULL,NULL,NULL,NULL,NULL),('125','교도기관',NULL,'EPR_BIZ_TYPE_CD','Y',NULL,NULL,NULL,NULL,NULL,NULL),('1250','화학섬유직물 직조업',NULL,'EPR_BIZ_TYPE_CD','Y',NULL,NULL,NULL,NULL,NULL,NULL),('1251','화학용 및 비료 원료용 광물 광업',NULL,'EPR_BIZ_TYPE_CD','Y',NULL,NULL,NULL,NULL,NULL,NULL),('1252','화훼류 및 식물 도매업',NULL,'EPR_BIZ_TYPE_CD','Y',NULL,NULL,NULL,NULL,NULL,NULL),('1253','화훼작물 재배업',NULL,'EPR_BIZ_TYPE_CD','Y',NULL,NULL,NULL,NULL,NULL,NULL),('1254','환경 관련 엔지니어링 서비스업',NULL,'EPR_BIZ_TYPE_CD','Y',NULL,NULL,NULL,NULL,NULL,NULL),('1255','환경 행정',NULL,'EPR_BIZ_TYPE_CD','Y',NULL,NULL,NULL,NULL,NULL,NULL),('1256','환경설비 건설업',NULL,'EPR_BIZ_TYPE_CD','Y',NULL,NULL,NULL,NULL,NULL,NULL),('1257','환경운동 단체',NULL,'EPR_BIZ_TYPE_CD','Y',NULL,NULL,NULL,NULL,NULL,NULL),('1258','휴양 콘도 운영업',NULL,'EPR_BIZ_TYPE_CD','Y',NULL,NULL,NULL,NULL,NULL,NULL),('126','교량, 터널 및 철도 건설업',NULL,'EPR_BIZ_TYPE_CD','Y',NULL,NULL,NULL,NULL,NULL,NULL),('127','교육 행정',NULL,'EPR_BIZ_TYPE_CD','Y',NULL,NULL,NULL,NULL,NULL,NULL),('128','교육관련 자문 및 평가업',NULL,'EPR_BIZ_TYPE_CD','Y',NULL,NULL,NULL,NULL,NULL,NULL),('129','교통 신호장치 제조업',NULL,'EPR_BIZ_TYPE_CD','Y',NULL,NULL,NULL,NULL,NULL,NULL),('13','가방 및 기타 보호용 케이스 제조업',NULL,'EPR_BIZ_TYPE_CD','Y',NULL,NULL,NULL,NULL,NULL,NULL),('130','구두류 제조업',NULL,'EPR_BIZ_TYPE_CD','Y',NULL,NULL,NULL,NULL,NULL,NULL),('131','구름베어링 제조업',NULL,'EPR_BIZ_TYPE_CD','Y',NULL,NULL,NULL,NULL,NULL,NULL),('132','구조용 금속 판제품 및 공작물 제조업',NULL,'EPR_BIZ_TYPE_CD','Y',NULL,NULL,NULL,NULL,NULL,NULL),('133','국내은행',NULL,'EPR_BIZ_TYPE_CD','Y',NULL,NULL,NULL,NULL,NULL,NULL),('134','국방 행정',NULL,'EPR_BIZ_TYPE_CD','Y',NULL,NULL,NULL,NULL,NULL,NULL),('135','귀금속 및 관련제품 제조업',NULL,'EPR_BIZ_TYPE_CD','Y',NULL,NULL,NULL,NULL,NULL,NULL),('136','그 외 금속 압형제품 제조업',NULL,'EPR_BIZ_TYPE_CD','Y',NULL,NULL,NULL,NULL,NULL,NULL),('137','그 외 금속 파스너 및 나사제품 제조업',NULL,'EPR_BIZ_TYPE_CD','Y',NULL,NULL,NULL,NULL,NULL,NULL),('138','그 외 기타 1차 철강 제조업',NULL,'EPR_BIZ_TYPE_CD','Y',NULL,NULL,NULL,NULL,NULL,NULL),('139','그 외 기타 가구 제조업',NULL,'EPR_BIZ_TYPE_CD','Y',NULL,NULL,NULL,NULL,NULL,NULL),('14','가방 및 보호용 케이스 도매업',NULL,'EPR_BIZ_TYPE_CD','Y',NULL,NULL,NULL,NULL,NULL,NULL),('140','그 외 기타 개인 및 가정용품 수리업',NULL,'EPR_BIZ_TYPE_CD','Y',NULL,NULL,NULL,NULL,NULL,NULL),('141','그 외 기타 개인 및 가정용품 임대업',NULL,'EPR_BIZ_TYPE_CD','Y',NULL,NULL,NULL,NULL,NULL,NULL),('142','그 외 기타 거주 복지시설 운영업',NULL,'EPR_BIZ_TYPE_CD','Y',NULL,NULL,NULL,NULL,NULL,NULL),('143','그 외 기타 건축 마무리 공사업',NULL,'EPR_BIZ_TYPE_CD','Y',NULL,NULL,NULL,NULL,NULL,NULL),('144','그 외 기타 건축자재 도매업',NULL,'EPR_BIZ_TYPE_CD','Y',NULL,NULL,NULL,NULL,NULL,NULL),('145','그 외 기타 고무제품 제조업',NULL,'EPR_BIZ_TYPE_CD','Y',NULL,NULL,NULL,NULL,NULL,NULL),('146','그 외 기타 광고 관련 서비스업',NULL,'EPR_BIZ_TYPE_CD','Y',NULL,NULL,NULL,NULL,NULL,NULL),('147','그 외 기타 금속 가공업',NULL,'EPR_BIZ_TYPE_CD','Y',NULL,NULL,NULL,NULL,NULL,NULL),('148','그 외 기타 금융 지원 서비스업',NULL,'EPR_BIZ_TYPE_CD','Y',NULL,NULL,NULL,NULL,NULL,NULL),('149','그 외 기타 기계 및 장비 도매업',NULL,'EPR_BIZ_TYPE_CD','Y',NULL,NULL,NULL,NULL,NULL,NULL),('15','가수',NULL,'EPR_BIZ_TYPE_CD','Y',NULL,NULL,NULL,NULL,NULL,NULL),('150','그 외 기타 나무제품 제조업',NULL,'EPR_BIZ_TYPE_CD','Y',NULL,NULL,NULL,NULL,NULL,NULL),('151','그 외 기타 달리 분류되지 않은 개인 서비스업',NULL,'EPR_BIZ_TYPE_CD','Y',NULL,NULL,NULL,NULL,NULL,NULL),('152','그 외 기타 달리 분류되지 않은 운송장비 제조업',NULL,'EPR_BIZ_TYPE_CD','Y',NULL,NULL,NULL,NULL,NULL,NULL),('153','그 외 기타 달리 분류되지 않은 제품 제조업',NULL,'EPR_BIZ_TYPE_CD','Y',NULL,NULL,NULL,NULL,NULL,NULL),('154','그 외 기타 무점포 소매업',NULL,'EPR_BIZ_TYPE_CD','Y',NULL,NULL,NULL,NULL,NULL,NULL),('155','그 외 기타 보건업',NULL,'EPR_BIZ_TYPE_CD','Y',NULL,NULL,NULL,NULL,NULL,NULL),('156','그 외 기타 봉제의복 제조업',NULL,'EPR_BIZ_TYPE_CD','Y',NULL,NULL,NULL,NULL,NULL,NULL),('157','그 외 기타 분류 안된 가정용품 소매업',NULL,'EPR_BIZ_TYPE_CD','Y',NULL,NULL,NULL,NULL,NULL,NULL),('158','그 외 기타 분류 안된 교육기관',NULL,'EPR_BIZ_TYPE_CD','Y',NULL,NULL,NULL,NULL,NULL,NULL),('159','그 외 기타 분류 안된 금속 가공제품 제조업',NULL,'EPR_BIZ_TYPE_CD','Y',NULL,NULL,NULL,NULL,NULL,NULL),('16','가전제품 및 부품 도매업',NULL,'EPR_BIZ_TYPE_CD','Y',NULL,NULL,NULL,NULL,NULL,NULL),('160','그 외 기타 분류 안된 금융업',NULL,'EPR_BIZ_TYPE_CD','Y',NULL,NULL,NULL,NULL,NULL,NULL),('161','그 외 기타 분류 안된 비금속 광물제품 제조업',NULL,'EPR_BIZ_TYPE_CD','Y',NULL,NULL,NULL,NULL,NULL,NULL),('162','그 외 기타 분류 안된 사업 지원 서비스업',NULL,'EPR_BIZ_TYPE_CD','Y',NULL,NULL,NULL,NULL,NULL,NULL),('163','그 외 기타 분류 안된 사업 지원 서비스업(기타임가공)',NULL,'EPR_BIZ_TYPE_CD','Y',NULL,NULL,NULL,NULL,NULL,NULL),('164','그 외 기타 분류 안된 상품 전문 소매업',NULL,'EPR_BIZ_TYPE_CD','Y',NULL,NULL,NULL,NULL,NULL,NULL),('165','그 외 기타 분류 안된 섬유제품 제조업',NULL,'EPR_BIZ_TYPE_CD','Y',NULL,NULL,NULL,NULL,NULL,NULL),('166','그 외 기타 분류 안된 오락관련 서비스업',NULL,'EPR_BIZ_TYPE_CD','Y',NULL,NULL,NULL,NULL,NULL,NULL),('167','그 외 기타 분류 안된 운송관련 서비스업',NULL,'EPR_BIZ_TYPE_CD','Y',NULL,NULL,NULL,NULL,NULL,NULL),('168','그 외 기타 분류 안된 전문, 과학 및 기술 서비스업',NULL,'EPR_BIZ_TYPE_CD','Y',NULL,NULL,NULL,NULL,NULL,NULL),('169','그 외 기타 분류 안된 화학제품 제조업',NULL,'EPR_BIZ_TYPE_CD','Y',NULL,NULL,NULL,NULL,NULL,NULL),('17','가전제품 소매업',NULL,'EPR_BIZ_TYPE_CD','Y',NULL,NULL,NULL,NULL,NULL,NULL),('170','그 외 기타 비거주 복지 서비스업',NULL,'EPR_BIZ_TYPE_CD','Y',NULL,NULL,NULL,NULL,NULL,NULL),('171','그 외 기타 비금속광물 광업',NULL,'EPR_BIZ_TYPE_CD','Y',NULL,NULL,NULL,NULL,NULL,NULL),('172','그 외 기타 상품 전문 도매업',NULL,'EPR_BIZ_TYPE_CD','Y',NULL,NULL,NULL,NULL,NULL,NULL),('173','그 외 기타 생활용품 도매업',NULL,'EPR_BIZ_TYPE_CD','Y',NULL,NULL,NULL,NULL,NULL,NULL),('174','그 외 기타 숙박업',NULL,'EPR_BIZ_TYPE_CD','Y',NULL,NULL,NULL,NULL,NULL,NULL),('175','그 외 기타 스포츠 서비스업',NULL,'EPR_BIZ_TYPE_CD','Y',NULL,NULL,NULL,NULL,NULL,NULL),('176','그 외 기타 스포츠시설 운영업',NULL,'EPR_BIZ_TYPE_CD','Y',NULL,NULL,NULL,NULL,NULL,NULL),('177','그 외 기타 식료품 제조업',NULL,'EPR_BIZ_TYPE_CD','Y',NULL,NULL,NULL,NULL,NULL,NULL),('178','그 외 기타 여신 금융업',NULL,'EPR_BIZ_TYPE_CD','Y',NULL,NULL,NULL,NULL,NULL,NULL),('179','그 외 기타 유리제품 제조업',NULL,'EPR_BIZ_TYPE_CD','Y',NULL,NULL,NULL,NULL,NULL,NULL),('18','가전제품 수리업',NULL,'EPR_BIZ_TYPE_CD','Y',NULL,NULL,NULL,NULL,NULL,NULL),('180','그 외 기타 의료용 기기 제조업',NULL,'EPR_BIZ_TYPE_CD','Y',NULL,NULL,NULL,NULL,NULL,NULL),('181','그 외 기타 의복 액세서리 제조업',NULL,'EPR_BIZ_TYPE_CD','Y',NULL,NULL,NULL,NULL,NULL,NULL),('182','그 외 기타 일반 목적용 기계 제조업',NULL,'EPR_BIZ_TYPE_CD','Y',NULL,NULL,NULL,NULL,NULL,NULL),('183','그 외 기타 전기 통신업',NULL,'EPR_BIZ_TYPE_CD','Y',NULL,NULL,NULL,NULL,NULL,NULL),('184','그 외 기타 전기장비 제조업',NULL,'EPR_BIZ_TYPE_CD','Y',NULL,NULL,NULL,NULL,NULL,NULL),('185','그 외 기타 전자 부품 제조업',NULL,'EPR_BIZ_TYPE_CD','Y',NULL,NULL,NULL,NULL,NULL,NULL),('186','그 외 기타 정보 서비스업',NULL,'EPR_BIZ_TYPE_CD','Y',NULL,NULL,NULL,NULL,NULL,NULL),('187','그 외 기타 종이 및 판지 제품 제조업',NULL,'EPR_BIZ_TYPE_CD','Y',NULL,NULL,NULL,NULL,NULL,NULL),('188','그 외 기타 종합 소매업',NULL,'EPR_BIZ_TYPE_CD','Y',NULL,NULL,NULL,NULL,NULL,NULL),('189','그 외 기타 창작 및 예술관련 서비스업',NULL,'EPR_BIZ_TYPE_CD','Y',NULL,NULL,NULL,NULL,NULL,NULL),('19','가정용 가스 연료 소매업',NULL,'EPR_BIZ_TYPE_CD','Y',NULL,NULL,NULL,NULL,NULL,NULL),('190','그 외 기타 축산업',NULL,'EPR_BIZ_TYPE_CD','Y',NULL,NULL,NULL,NULL,NULL,NULL),('191','그 외 기타 축산업(사슴, 토끼, 개)',NULL,'EPR_BIZ_TYPE_CD','Y',NULL,NULL,NULL,NULL,NULL,NULL),('192','그 외 기타 콘크리트 제품 및 유사 제품 제조업',NULL,'EPR_BIZ_TYPE_CD','Y',NULL,NULL,NULL,NULL,NULL,NULL),('193','그 외 기타 특수 목적용 기계 제조업',NULL,'EPR_BIZ_TYPE_CD','Y',NULL,NULL,NULL,NULL,NULL,NULL),('194','그 외 기타 플라스틱 제품 제조업',NULL,'EPR_BIZ_TYPE_CD','Y',NULL,NULL,NULL,NULL,NULL,NULL),('195','그 외 기타 협회 및 단체',NULL,'EPR_BIZ_TYPE_CD','Y',NULL,NULL,NULL,NULL,NULL,NULL),('196','그 외 자동차용 신품 부품 제조업',NULL,'EPR_BIZ_TYPE_CD','Y',NULL,NULL,NULL,NULL,NULL,NULL),('197','근무복, 작업복 및 유사 의복 제조업',NULL,'EPR_BIZ_TYPE_CD','Y',NULL,NULL,NULL,NULL,NULL,NULL),('198','금속 가구 제조업',NULL,'EPR_BIZ_TYPE_CD','Y',NULL,NULL,NULL,NULL,NULL,NULL),('199','금속 단조제품 제조업',NULL,'EPR_BIZ_TYPE_CD','Y',NULL,NULL,NULL,NULL,NULL,NULL),('2','1차 금속제품 도매업',NULL,'EPR_BIZ_TYPE_CD','Y',NULL,NULL,NULL,NULL,NULL,NULL),('20','가정용 고체 연료 소매업',NULL,'EPR_BIZ_TYPE_CD','Y',NULL,NULL,NULL,NULL,NULL,NULL),('200','금속 문, 창, 셔터 및 관련제품 제조업',NULL,'EPR_BIZ_TYPE_CD','Y',NULL,NULL,NULL,NULL,NULL,NULL),('201','금속 성형기계 제조업',NULL,'EPR_BIZ_TYPE_CD','Y',NULL,NULL,NULL,NULL,NULL,NULL),('202','금속 스프링 제조업',NULL,'EPR_BIZ_TYPE_CD','Y',NULL,NULL,NULL,NULL,NULL,NULL),('203','금속 열처리업',NULL,'EPR_BIZ_TYPE_CD','Y',NULL,NULL,NULL,NULL,NULL,NULL),('204','금속 위생용품 제조업',NULL,'EPR_BIZ_TYPE_CD','Y',NULL,NULL,NULL,NULL,NULL,NULL),('205','금속 절삭기계 제조업',NULL,'EPR_BIZ_TYPE_CD','Y',NULL,NULL,NULL,NULL,NULL,NULL),('206','금속 주조 및 기타 야금용 기계 제조업',NULL,'EPR_BIZ_TYPE_CD','Y',NULL,NULL,NULL,NULL,NULL,NULL),('207','금속 캔 및 기타 포장용기 제조업',NULL,'EPR_BIZ_TYPE_CD','Y',NULL,NULL,NULL,NULL,NULL,NULL),('208','금속 탱크 및 저장 용기 제조업',NULL,'EPR_BIZ_TYPE_CD','Y',NULL,NULL,NULL,NULL,NULL,NULL),('209','금속 표시판 제조업',NULL,'EPR_BIZ_TYPE_CD','Y',NULL,NULL,NULL,NULL,NULL,NULL),('21','가정용 및 장식용 도자기 제조업',NULL,'EPR_BIZ_TYPE_CD','Y',NULL,NULL,NULL,NULL,NULL,NULL),('210','금속광물 도매업',NULL,'EPR_BIZ_TYPE_CD','Y',NULL,NULL,NULL,NULL,NULL,NULL),('211','금속류 원료 재생업',NULL,'EPR_BIZ_TYPE_CD','Y',NULL,NULL,NULL,NULL,NULL,NULL),('212','금속류 해체 및 선별업',NULL,'EPR_BIZ_TYPE_CD','Y',NULL,NULL,NULL,NULL,NULL,NULL),('213','금속선 가공제품 제조업',NULL,'EPR_BIZ_TYPE_CD','Y',NULL,NULL,NULL,NULL,NULL,NULL),('214','금융 리스업',NULL,'EPR_BIZ_TYPE_CD','Y',NULL,NULL,NULL,NULL,NULL,NULL),('215','금융시장 관리업',NULL,'EPR_BIZ_TYPE_CD','Y',NULL,NULL,NULL,NULL,NULL,NULL),('216','기관 구내식당업',NULL,'EPR_BIZ_TYPE_CD','Y',NULL,NULL,NULL,NULL,NULL,NULL),('217','기관차 및 기타 철도 차량 제조업',NULL,'EPR_BIZ_TYPE_CD','Y',NULL,NULL,NULL,NULL,NULL,NULL),('218','기금 운영업',NULL,'EPR_BIZ_TYPE_CD','Y',NULL,NULL,NULL,NULL,NULL,NULL),('219','기기용 자동 측정 및 제어장치 제조업',NULL,'EPR_BIZ_TYPE_CD','Y',NULL,NULL,NULL,NULL,NULL,NULL),('22','가정용 비전기식 조리 및 난방 기구 제조업',NULL,'EPR_BIZ_TYPE_CD','Y',NULL,NULL,NULL,NULL,NULL,NULL),('220','기념품, 관광 민예품 및 장식용품 소매업',NULL,'EPR_BIZ_TYPE_CD','Y',NULL,NULL,NULL,NULL,NULL,NULL),('221','기독교 단체',NULL,'EPR_BIZ_TYPE_CD','Y',NULL,NULL,NULL,NULL,NULL,NULL),('222','기록매체 복제업',NULL,'EPR_BIZ_TYPE_CD','Y',NULL,NULL,NULL,NULL,NULL,NULL),('223','기숙사 및 고시원 운영업',NULL,'EPR_BIZ_TYPE_CD','Y',NULL,NULL,NULL,NULL,NULL,NULL),('224','기어 및 동력전달장치 제조업',NULL,'EPR_BIZ_TYPE_CD','Y',NULL,NULL,NULL,NULL,NULL,NULL),('225','기억 장치 제조업',NULL,'EPR_BIZ_TYPE_CD','Y',NULL,NULL,NULL,NULL,NULL,NULL),('226','기원 운영업',NULL,'EPR_BIZ_TYPE_CD','Y',NULL,NULL,NULL,NULL,NULL,NULL),('227','기체 여과기 제조업',NULL,'EPR_BIZ_TYPE_CD','Y',NULL,NULL,NULL,NULL,NULL,NULL),('228','기체 연료 및 관련제품 도매업',NULL,'EPR_BIZ_TYPE_CD','Y',NULL,NULL,NULL,NULL,NULL,NULL),('229','기체 펌프 및 압축기 제조업',NULL,'EPR_BIZ_TYPE_CD','Y',NULL,NULL,NULL,NULL,NULL,NULL),('23','가정용 세탁업',NULL,'EPR_BIZ_TYPE_CD','Y',NULL,NULL,NULL,NULL,NULL,NULL),('230','기타 1차 비철금속 제조업',NULL,'EPR_BIZ_TYPE_CD','Y',NULL,NULL,NULL,NULL,NULL,NULL),('231','기타 가공 공작기계 제조업',NULL,'EPR_BIZ_TYPE_CD','Y',NULL,NULL,NULL,NULL,NULL,NULL),('232','기타 가공식품 도매업',NULL,'EPR_BIZ_TYPE_CD','Y',NULL,NULL,NULL,NULL,NULL,NULL),('233','기타 가금류 및 조류 사육업',NULL,'EPR_BIZ_TYPE_CD','Y',NULL,NULL,NULL,NULL,NULL,NULL),('234','기타 가정용 전기 기기 제조업',NULL,'EPR_BIZ_TYPE_CD','Y',NULL,NULL,NULL,NULL,NULL,NULL),('235','기타 가죽제품 제조업',NULL,'EPR_BIZ_TYPE_CD','Y',NULL,NULL,NULL,NULL,NULL,NULL),('236','기타 건물 관련설비 설치 공사업',NULL,'EPR_BIZ_TYPE_CD','Y',NULL,NULL,NULL,NULL,NULL,NULL),('237','기타 건축용 나무제품 제조업',NULL,'EPR_BIZ_TYPE_CD','Y',NULL,NULL,NULL,NULL,NULL,NULL),('238','기타 건축용 비내화 요업제품 제조업',NULL,'EPR_BIZ_TYPE_CD','Y',NULL,NULL,NULL,NULL,NULL,NULL),('239','기타 건축용 플라스틱 조립제품 제조업',NULL,'EPR_BIZ_TYPE_CD','Y',NULL,NULL,NULL,NULL,NULL,NULL),('24','가정용 액체 연료 소매업',NULL,'EPR_BIZ_TYPE_CD','Y',NULL,NULL,NULL,NULL,NULL,NULL),('240','기타 게임 소프트웨어 개발 및 공급업',NULL,'EPR_BIZ_TYPE_CD','Y',NULL,NULL,NULL,NULL,NULL,NULL),('241','기타 곡물 가공품 제조업',NULL,'EPR_BIZ_TYPE_CD','Y',NULL,NULL,NULL,NULL,NULL,NULL),('242','기타 공동 주택 건설업',NULL,'EPR_BIZ_TYPE_CD','Y',NULL,NULL,NULL,NULL,NULL,NULL),('243','기타 공연단체',NULL,'EPR_BIZ_TYPE_CD','Y',NULL,NULL,NULL,NULL,NULL,NULL),('244','기타 공학 연구개발업',NULL,'EPR_BIZ_TYPE_CD','Y',NULL,NULL,NULL,NULL,NULL,NULL),('245','기타 과실ㆍ채소 가공 및 저장 처리업',NULL,'EPR_BIZ_TYPE_CD','Y',NULL,NULL,NULL,NULL,NULL,NULL),('246','기타 광학 기기 제조업',NULL,'EPR_BIZ_TYPE_CD','Y',NULL,NULL,NULL,NULL,NULL,NULL),('247','기타 광학 및 정밀 기기 소매업',NULL,'EPR_BIZ_TYPE_CD','Y',NULL,NULL,NULL,NULL,NULL,NULL),('248','기타 교습학원',NULL,'EPR_BIZ_TYPE_CD','Y',NULL,NULL,NULL,NULL,NULL,NULL),('249','기타 교육지원 서비스업',NULL,'EPR_BIZ_TYPE_CD','Y',NULL,NULL,NULL,NULL,NULL,NULL),('25','가정용 유리제품 제조업',NULL,'EPR_BIZ_TYPE_CD','Y',NULL,NULL,NULL,NULL,NULL,NULL),('250','기타 구조용 금속제품 제조업',NULL,'EPR_BIZ_TYPE_CD','Y',NULL,NULL,NULL,NULL,NULL,NULL),('251','기타 국제 및 외국기관',NULL,'EPR_BIZ_TYPE_CD','Y',NULL,NULL,NULL,NULL,NULL,NULL),('252','기타 금융 투자업',NULL,'EPR_BIZ_TYPE_CD','Y',NULL,NULL,NULL,NULL,NULL,NULL),('253','기타 기계ㆍ장비 조립용 플라스틱제품 제조업',NULL,'EPR_BIZ_TYPE_CD','Y',NULL,NULL,NULL,NULL,NULL,NULL),('254','기타 기관 및 터빈 제조업',NULL,'EPR_BIZ_TYPE_CD','Y',NULL,NULL,NULL,NULL,NULL,NULL),('255','기타 기반조성 관련 전문공사업',NULL,'EPR_BIZ_TYPE_CD','Y',NULL,NULL,NULL,NULL,NULL,NULL),('256','기타 기술 및 직업 훈련학원',NULL,'EPR_BIZ_TYPE_CD','Y',NULL,NULL,NULL,NULL,NULL,NULL),('257','기타 기술 시험, 검사 및 분석업',NULL,'EPR_BIZ_TYPE_CD','Y',NULL,NULL,NULL,NULL,NULL,NULL),('258','기타 기술 시험, 검사 및 분석업(기술지도사)',NULL,'EPR_BIZ_TYPE_CD','Y',NULL,NULL,NULL,NULL,NULL,NULL),('259','기타 기초 무기화학 물질 제조업',NULL,'EPR_BIZ_TYPE_CD','Y',NULL,NULL,NULL,NULL,NULL,NULL),('26','가정용 전기 난방기기 제조업',NULL,'EPR_BIZ_TYPE_CD','Y',NULL,NULL,NULL,NULL,NULL,NULL),('260','기타 내륙 수상 운송업',NULL,'EPR_BIZ_TYPE_CD','Y',NULL,NULL,NULL,NULL,NULL,NULL),('261','기타 대형 종합 소매업',NULL,'EPR_BIZ_TYPE_CD','Y',NULL,NULL,NULL,NULL,NULL,NULL),('262','기타 도로 화물 운송업',NULL,'EPR_BIZ_TYPE_CD','Y',NULL,NULL,NULL,NULL,NULL,NULL),('263','기타 도시 정기 육상 여객 운송업',NULL,'EPR_BIZ_TYPE_CD','Y',NULL,NULL,NULL,NULL,NULL,NULL),('264','기타 목재 가구 제조업',NULL,'EPR_BIZ_TYPE_CD','Y',NULL,NULL,NULL,NULL,NULL,NULL),('265','기타 무선 통신장비 제조업',NULL,'EPR_BIZ_TYPE_CD','Y',NULL,NULL,NULL,NULL,NULL,NULL),('266','기타 물품 취급장비 제조업',NULL,'EPR_BIZ_TYPE_CD','Y',NULL,NULL,NULL,NULL,NULL,NULL),('267','기타 미용업',NULL,'EPR_BIZ_TYPE_CD','Y',NULL,NULL,NULL,NULL,NULL,NULL),('268','기타 반도체 소자 제조업',NULL,'EPR_BIZ_TYPE_CD','Y',NULL,NULL,NULL,NULL,NULL,NULL),('269','기타 발전업',NULL,'EPR_BIZ_TYPE_CD','Y',NULL,NULL,NULL,NULL,NULL,NULL),('27','가정용 직물제품 소매업',NULL,'EPR_BIZ_TYPE_CD','Y',NULL,NULL,NULL,NULL,NULL,NULL),('270','기타 발효주 제조업',NULL,'EPR_BIZ_TYPE_CD','Y',NULL,NULL,NULL,NULL,NULL,NULL),('271','기타 방적업',NULL,'EPR_BIZ_TYPE_CD','Y',NULL,NULL,NULL,NULL,NULL,NULL),('272','기타 법무관련 서비스업',NULL,'EPR_BIZ_TYPE_CD','Y',NULL,NULL,NULL,NULL,NULL,NULL),('273','기타 법무관련 서비스업(공증인)',NULL,'EPR_BIZ_TYPE_CD','Y',NULL,NULL,NULL,NULL,NULL,NULL),('274','기타 법무관련 서비스업(노무사)',NULL,'EPR_BIZ_TYPE_CD','Y',NULL,NULL,NULL,NULL,NULL,NULL),('275','기타 법무관련 서비스업(집행관)',NULL,'EPR_BIZ_TYPE_CD','Y',NULL,NULL,NULL,NULL,NULL,NULL),('276','기타 보관 및 창고업',NULL,'EPR_BIZ_TYPE_CD','Y',NULL,NULL,NULL,NULL,NULL,NULL),('277','기타 보험 및 연금관련 서비스업',NULL,'EPR_BIZ_TYPE_CD','Y',NULL,NULL,NULL,NULL,NULL,NULL),('278','기타 부동산 개발 및 공급업',NULL,'EPR_BIZ_TYPE_CD','Y',NULL,NULL,NULL,NULL,NULL,NULL),('279','기타 부동산 임대업',NULL,'EPR_BIZ_TYPE_CD','Y',NULL,NULL,NULL,NULL,NULL,NULL),('28','가죽 및 모피 의복 소매업',NULL,'EPR_BIZ_TYPE_CD','Y',NULL,NULL,NULL,NULL,NULL,NULL),('280','기타 부동산 임대업(자기땅)',NULL,'EPR_BIZ_TYPE_CD','Y',NULL,NULL,NULL,NULL,NULL,NULL),('281','기타 부동산 임대업(타인땅)',NULL,'EPR_BIZ_TYPE_CD','Y',NULL,NULL,NULL,NULL,NULL,NULL),('282','기타 부정기 여객 육상 운송업',NULL,'EPR_BIZ_TYPE_CD','Y',NULL,NULL,NULL,NULL,NULL,NULL),('283','기타 비알코올 음료 제조업',NULL,'EPR_BIZ_TYPE_CD','Y',NULL,NULL,NULL,NULL,NULL,NULL),('284','기타 비알코올 음료점업',NULL,'EPR_BIZ_TYPE_CD','Y',NULL,NULL,NULL,NULL,NULL,NULL),('285','기타 비전기식 생활용 기기 및 기구 도매업',NULL,'EPR_BIZ_TYPE_CD','Y',NULL,NULL,NULL,NULL,NULL,NULL),('286','기타 비주거용 건물 건설업',NULL,'EPR_BIZ_TYPE_CD','Y',NULL,NULL,NULL,NULL,NULL,NULL),('287','기타 비철금속 압연, 압출 및 연신제품 제조업',NULL,'EPR_BIZ_TYPE_CD','Y',NULL,NULL,NULL,NULL,NULL,NULL),('288','기타 비철금속 제련, 정련 및 합금 제조업',NULL,'EPR_BIZ_TYPE_CD','Y',NULL,NULL,NULL,NULL,NULL,NULL),('289','기타 비철금속 주조업',NULL,'EPR_BIZ_TYPE_CD','Y',NULL,NULL,NULL,NULL,NULL,NULL),('29','가죽 및 모피 제품 도매업',NULL,'EPR_BIZ_TYPE_CD','Y',NULL,NULL,NULL,NULL,NULL,NULL),('290','기타 사무 지원 서비스업',NULL,'EPR_BIZ_TYPE_CD','Y',NULL,NULL,NULL,NULL,NULL,NULL),('291','기타 사법 및 공공 질서 행정',NULL,'EPR_BIZ_TYPE_CD','Y',NULL,NULL,NULL,NULL,NULL,NULL),('292','기타 사행시설 관리 및 운영업',NULL,'EPR_BIZ_TYPE_CD','Y',NULL,NULL,NULL,NULL,NULL,NULL),('293','기타 사회서비스 관리 행정',NULL,'EPR_BIZ_TYPE_CD','Y',NULL,NULL,NULL,NULL,NULL,NULL),('294','기타 산업 진흥 행정',NULL,'EPR_BIZ_TYPE_CD','Y',NULL,NULL,NULL,NULL,NULL,NULL),('295','기타 산업용 기계 및 장비 도매업',NULL,'EPR_BIZ_TYPE_CD','Y',NULL,NULL,NULL,NULL,NULL,NULL),('296','기타 산업용 기계 및 장비 임대업',NULL,'EPR_BIZ_TYPE_CD','Y',NULL,NULL,NULL,NULL,NULL,NULL),('297','기타 산업용 농산물 도매업',NULL,'EPR_BIZ_TYPE_CD','Y',NULL,NULL,NULL,NULL,NULL,NULL),('298','기타 산업용 유리제품 제조업',NULL,'EPR_BIZ_TYPE_CD','Y',NULL,NULL,NULL,NULL,NULL,NULL),('299','기타 생활용 섬유 및 직물 제품 도매업',NULL,'EPR_BIZ_TYPE_CD','Y',NULL,NULL,NULL,NULL,NULL,NULL),('3','1차 유리제품, 유리섬유 및 광학용 유리 제조업',NULL,'EPR_BIZ_TYPE_CD','Y',NULL,NULL,NULL,NULL,NULL,NULL),('30','가죽, 가방 및 신발 수리업',NULL,'EPR_BIZ_TYPE_CD','Y',NULL,NULL,NULL,NULL,NULL,NULL),('300','기타 석유 정제물 재처리업',NULL,'EPR_BIZ_TYPE_CD','Y',NULL,NULL,NULL,NULL,NULL,NULL),('301','기타 석제품 제조업',NULL,'EPR_BIZ_TYPE_CD','Y',NULL,NULL,NULL,NULL,NULL,NULL),('302','기타 선박 건조업',NULL,'EPR_BIZ_TYPE_CD','Y',NULL,NULL,NULL,NULL,NULL,NULL),('303','기타 섬유, 의복 및 가죽 가공기계 제조업',NULL,'EPR_BIZ_TYPE_CD','Y',NULL,NULL,NULL,NULL,NULL,NULL),('304','기타 소사장제',NULL,'EPR_BIZ_TYPE_CD','Y',NULL,NULL,NULL,NULL,NULL,NULL),('305','기타 수산동물 가공 및 저장 처리업',NULL,'EPR_BIZ_TYPE_CD','Y',NULL,NULL,NULL,NULL,NULL,NULL),('306','기타 수상 운송 지원 서비스업',NULL,'EPR_BIZ_TYPE_CD','Y',NULL,NULL,NULL,NULL,NULL,NULL),('307','기타 수상오락 서비스업',NULL,'EPR_BIZ_TYPE_CD','Y',NULL,NULL,NULL,NULL,NULL,NULL),('308','기타 스포츠 교육기관',NULL,'EPR_BIZ_TYPE_CD','Y',NULL,NULL,NULL,NULL,NULL,NULL),('309','기타 시민운동 단체',NULL,'EPR_BIZ_TYPE_CD','Y',NULL,NULL,NULL,NULL,NULL,NULL),('31','가죽의복 제조업',NULL,'EPR_BIZ_TYPE_CD','Y',NULL,NULL,NULL,NULL,NULL,NULL),('310','기타 시설작물 재배업',NULL,'EPR_BIZ_TYPE_CD','Y',NULL,NULL,NULL,NULL,NULL,NULL),('311','기타 식료품 소매업',NULL,'EPR_BIZ_TYPE_CD','Y',NULL,NULL,NULL,NULL,NULL,NULL),('312','기타 식사용 가공처리 조리식품 제조업',NULL,'EPR_BIZ_TYPE_CD','Y',NULL,NULL,NULL,NULL,NULL,NULL),('313','기타 식품 첨가물 제조업',NULL,'EPR_BIZ_TYPE_CD','Y',NULL,NULL,NULL,NULL,NULL,NULL),('314','기타 신발 제조업',NULL,'EPR_BIZ_TYPE_CD','Y',NULL,NULL,NULL,NULL,NULL,NULL),('315','기타 신선 식품 및 단순 가공 식품 도매업',NULL,'EPR_BIZ_TYPE_CD','Y',NULL,NULL,NULL,NULL,NULL,NULL),('316','기타 악기 제조업',NULL,'EPR_BIZ_TYPE_CD','Y',NULL,NULL,NULL,NULL,NULL,NULL),('317','기타 엔지니어링 서비스업',NULL,'EPR_BIZ_TYPE_CD','Y',NULL,NULL,NULL,NULL,NULL,NULL),('318','기타 여행 보조 및 예약 서비스업',NULL,'EPR_BIZ_TYPE_CD','Y',NULL,NULL,NULL,NULL,NULL,NULL),('319','기타 예술학원',NULL,'EPR_BIZ_TYPE_CD','Y',NULL,NULL,NULL,NULL,NULL,NULL),('32','간이 음식 포장 판매 전문점',NULL,'EPR_BIZ_TYPE_CD','Y',NULL,NULL,NULL,NULL,NULL,NULL),('320','기타 오락용품 제조업',NULL,'EPR_BIZ_TYPE_CD','Y',NULL,NULL,NULL,NULL,NULL,NULL),('321','기타 오락장 운영업',NULL,'EPR_BIZ_TYPE_CD','Y',NULL,NULL,NULL,NULL,NULL,NULL),('322','기타 옥외 시설물 축조관련 전문공사업',NULL,'EPR_BIZ_TYPE_CD','Y',NULL,NULL,NULL,NULL,NULL,NULL),('323','기타 외국식 음식점업',NULL,'EPR_BIZ_TYPE_CD','Y',NULL,NULL,NULL,NULL,NULL,NULL),('324','기타 운동 및 경기용구 제조업',NULL,'EPR_BIZ_TYPE_CD','Y',NULL,NULL,NULL,NULL,NULL,NULL),('325','기타 운송장비 임대업',NULL,'EPR_BIZ_TYPE_CD','Y',NULL,NULL,NULL,NULL,NULL,NULL),('326','기타 유사 여가관련 서비스업',NULL,'EPR_BIZ_TYPE_CD','Y',NULL,NULL,NULL,NULL,NULL,NULL),('327','기타 육상 운송지원 서비스업',NULL,'EPR_BIZ_TYPE_CD','Y',NULL,NULL,NULL,NULL,NULL,NULL),('328','기타 음ㆍ식료품 위주 종합 소매업',NULL,'EPR_BIZ_TYPE_CD','Y',NULL,NULL,NULL,NULL,NULL,NULL),('329','기타 음향기기 제조업',NULL,'EPR_BIZ_TYPE_CD','Y',NULL,NULL,NULL,NULL,NULL,NULL),('33','간판 및 광고물 제조업',NULL,'EPR_BIZ_TYPE_CD','Y',NULL,NULL,NULL,NULL,NULL,NULL),('330','기타 의복 소매업',NULL,'EPR_BIZ_TYPE_CD','Y',NULL,NULL,NULL,NULL,NULL,NULL),('331','기타 인문 및 사회과학 연구개발업',NULL,'EPR_BIZ_TYPE_CD','Y',NULL,NULL,NULL,NULL,NULL,NULL),('332','기타 인쇄관련 산업',NULL,'EPR_BIZ_TYPE_CD','Y',NULL,NULL,NULL,NULL,NULL,NULL),('333','기타 인쇄물 출판업',NULL,'EPR_BIZ_TYPE_CD','Y',NULL,NULL,NULL,NULL,NULL,NULL),('334','기타 인쇄업',NULL,'EPR_BIZ_TYPE_CD','Y',NULL,NULL,NULL,NULL,NULL,NULL),('335','기타 일반 공공 행정',NULL,'EPR_BIZ_TYPE_CD','Y',NULL,NULL,NULL,NULL,NULL,NULL),('336','기타 일반 기계 및 장비 수리업',NULL,'EPR_BIZ_TYPE_CD','Y',NULL,NULL,NULL,NULL,NULL,NULL),('337','기타 일반 도자기 제조업',NULL,'EPR_BIZ_TYPE_CD','Y',NULL,NULL,NULL,NULL,NULL,NULL),('338','기타 일반 및 생활 숙박시설 운영업',NULL,'EPR_BIZ_TYPE_CD','Y',NULL,NULL,NULL,NULL,NULL,NULL),('339','기타 자동차 신품 부품 및 내장품 판매업',NULL,'EPR_BIZ_TYPE_CD','Y',NULL,NULL,NULL,NULL,NULL,NULL),('34','감광 재료 및 관련 화학제품 제조업',NULL,'EPR_BIZ_TYPE_CD','Y',NULL,NULL,NULL,NULL,NULL,NULL),('340','기타 자연과학 연구개발업',NULL,'EPR_BIZ_TYPE_CD','Y',NULL,NULL,NULL,NULL,NULL,NULL),('341','기타 작물 재배업',NULL,'EPR_BIZ_TYPE_CD','Y',NULL,NULL,NULL,NULL,NULL,NULL),('342','기타 전기 변환장치 제조업',NULL,'EPR_BIZ_TYPE_CD','Y',NULL,NULL,NULL,NULL,NULL,NULL),('343','기타 전문 서비스업',NULL,'EPR_BIZ_TYPE_CD','Y',NULL,NULL,NULL,NULL,NULL,NULL),('344','기타 절연선 및 케이블 제조업',NULL,'EPR_BIZ_TYPE_CD','Y',NULL,NULL,NULL,NULL,NULL,NULL),('345','기타 정보 기술 및 컴퓨터 운영 관련 서비스업',NULL,'EPR_BIZ_TYPE_CD','Y',NULL,NULL,NULL,NULL,NULL,NULL),('346','기타 제철 및 제강업',NULL,'EPR_BIZ_TYPE_CD','Y',NULL,NULL,NULL,NULL,NULL,NULL),('347','기타 조명장치 제조업',NULL,'EPR_BIZ_TYPE_CD','Y',NULL,NULL,NULL,NULL,NULL,NULL),('348','기타 종교 단체',NULL,'EPR_BIZ_TYPE_CD','Y',NULL,NULL,NULL,NULL,NULL,NULL),('349','기타 종이 및 판지 제조업',NULL,'EPR_BIZ_TYPE_CD','Y',NULL,NULL,NULL,NULL,NULL,NULL),('35','강 주물 주조업',NULL,'EPR_BIZ_TYPE_CD','Y',NULL,NULL,NULL,NULL,NULL,NULL),('350','기타 종이 상자 및 용기 제조업',NULL,'EPR_BIZ_TYPE_CD','Y',NULL,NULL,NULL,NULL,NULL,NULL),('351','기타 주변 기기 제조업',NULL,'EPR_BIZ_TYPE_CD','Y',NULL,NULL,NULL,NULL,NULL,NULL),('352','기타 주점업',NULL,'EPR_BIZ_TYPE_CD','Y',NULL,NULL,NULL,NULL,NULL,NULL),('353','기타 중고 상품 소매업',NULL,'EPR_BIZ_TYPE_CD','Y',NULL,NULL,NULL,NULL,NULL,NULL),('354','기타 증류주 및 합성주 제조업',NULL,'EPR_BIZ_TYPE_CD','Y',NULL,NULL,NULL,NULL,NULL,NULL),('355','기타 직물제품 제조업',NULL,'EPR_BIZ_TYPE_CD','Y',NULL,NULL,NULL,NULL,NULL,NULL),('356','기타 측정, 시험, 항해, 제어 및 정밀 기기 제조업',NULL,'EPR_BIZ_TYPE_CD','Y',NULL,NULL,NULL,NULL,NULL,NULL),('357','기타 토목 시설물 건설업',NULL,'EPR_BIZ_TYPE_CD','Y',NULL,NULL,NULL,NULL,NULL,NULL),('358','기타 통신 판매업',NULL,'EPR_BIZ_TYPE_CD','Y',NULL,NULL,NULL,NULL,NULL,NULL),('359','기타 특성화 고등학교',NULL,'EPR_BIZ_TYPE_CD','Y',NULL,NULL,NULL,NULL,NULL,NULL),('36','강관 가공품 및 관 연결구류 제조업',NULL,'EPR_BIZ_TYPE_CD','Y',NULL,NULL,NULL,NULL,NULL,NULL),('360','기타 판유리 가공품 제조업',NULL,'EPR_BIZ_TYPE_CD','Y',NULL,NULL,NULL,NULL,NULL,NULL),('361','기타 편조 의복 액세서리 제조업',NULL,'EPR_BIZ_TYPE_CD','Y',NULL,NULL,NULL,NULL,NULL,NULL),('362','기타 표시장치 제조업',NULL,'EPR_BIZ_TYPE_CD','Y',NULL,NULL,NULL,NULL,NULL,NULL),('363','기타 플라스틱 발포 성형제품 제조업',NULL,'EPR_BIZ_TYPE_CD','Y',NULL,NULL,NULL,NULL,NULL,NULL),('364','기타 항공 운송지원 서비스업',NULL,'EPR_BIZ_TYPE_CD','Y',NULL,NULL,NULL,NULL,NULL,NULL),('365','기타 해상 운송업',NULL,'EPR_BIZ_TYPE_CD','Y',NULL,NULL,NULL,NULL,NULL,NULL),('366','기타 화학 물질 및 화학제품 도매업',NULL,'EPR_BIZ_TYPE_CD','Y',NULL,NULL,NULL,NULL,NULL,NULL),('367','기타 환경 정화 및 복원업',NULL,'EPR_BIZ_TYPE_CD','Y',NULL,NULL,NULL,NULL,NULL,NULL),('368','기타모집수당,채권회수수당',NULL,'EPR_BIZ_TYPE_CD','Y',NULL,NULL,NULL,NULL,NULL,NULL),('369','기타물품운반원',NULL,'EPR_BIZ_TYPE_CD','Y',NULL,NULL,NULL,NULL,NULL,NULL),('37','강관 제조업',NULL,'EPR_BIZ_TYPE_CD','Y',NULL,NULL,NULL,NULL,NULL,NULL),('370','기타자영업',NULL,'EPR_BIZ_TYPE_CD','Y',NULL,NULL,NULL,NULL,NULL,NULL),('371','김밥 및 기타 간이 음식점업',NULL,'EPR_BIZ_TYPE_CD','Y',NULL,NULL,NULL,NULL,NULL,NULL),('372','김치류 제조업',NULL,'EPR_BIZ_TYPE_CD','Y',NULL,NULL,NULL,NULL,NULL,NULL),('373','꽃꽂이교사',NULL,'EPR_BIZ_TYPE_CD','Y',NULL,NULL,NULL,NULL,NULL,NULL),('374','끈 및 로프 제조업',NULL,'EPR_BIZ_TYPE_CD','Y',NULL,NULL,NULL,NULL,NULL,NULL),('375','낙농품 및 동ㆍ식물성 유지 도매업',NULL,'EPR_BIZ_TYPE_CD','Y',NULL,NULL,NULL,NULL,NULL,NULL),('376','낚시 및 수렵용구 제조업',NULL,'EPR_BIZ_TYPE_CD','Y',NULL,NULL,NULL,NULL,NULL,NULL),('377','낚시장 운영업',NULL,'EPR_BIZ_TYPE_CD','Y',NULL,NULL,NULL,NULL,NULL,NULL),('378','날붙이 제조업',NULL,'EPR_BIZ_TYPE_CD','Y',NULL,NULL,NULL,NULL,NULL,NULL),('379','날염 가공업',NULL,'EPR_BIZ_TYPE_CD','Y',NULL,NULL,NULL,NULL,NULL,NULL),('38','강선 건조업',NULL,'EPR_BIZ_TYPE_CD','Y',NULL,NULL,NULL,NULL,NULL,NULL),('380','남녀용 겉옷 및 셔츠 도매업',NULL,'EPR_BIZ_TYPE_CD','Y',NULL,NULL,NULL,NULL,NULL,NULL),('381','남자용 겉옷 소매업',NULL,'EPR_BIZ_TYPE_CD','Y',NULL,NULL,NULL,NULL,NULL,NULL),('382','남자용 겉옷 제조업',NULL,'EPR_BIZ_TYPE_CD','Y',NULL,NULL,NULL,NULL,NULL,NULL),('383','내륙 수상 여객 및 화물 운송업',NULL,'EPR_BIZ_TYPE_CD','Y',NULL,NULL,NULL,NULL,NULL,NULL),('384','내부 전기배선 공사업',NULL,'EPR_BIZ_TYPE_CD','Y',NULL,NULL,NULL,NULL,NULL,NULL),('385','내부 통신배선 공사업',NULL,'EPR_BIZ_TYPE_CD','Y',NULL,NULL,NULL,NULL,NULL,NULL),('386','내수면 양식 어업',NULL,'EPR_BIZ_TYPE_CD','Y',NULL,NULL,NULL,NULL,NULL,NULL),('387','내수면 어업',NULL,'EPR_BIZ_TYPE_CD','Y',NULL,NULL,NULL,NULL,NULL,NULL),('388','내연기관 제조업',NULL,'EPR_BIZ_TYPE_CD','Y',NULL,NULL,NULL,NULL,NULL,NULL),('389','내항 여객 운송업',NULL,'EPR_BIZ_TYPE_CD','Y',NULL,NULL,NULL,NULL,NULL,NULL),('39','강화 및 재생 목재 제조업',NULL,'EPR_BIZ_TYPE_CD','Y',NULL,NULL,NULL,NULL,NULL,NULL),('390','내항 화물 운송업',NULL,'EPR_BIZ_TYPE_CD','Y',NULL,NULL,NULL,NULL,NULL,NULL),('391','냉간 압연 및 압출 제품 제조업',NULL,'EPR_BIZ_TYPE_CD','Y',NULL,NULL,NULL,NULL,NULL,NULL),('392','냉장 및 냉동 창고업',NULL,'EPR_BIZ_TYPE_CD','Y',NULL,NULL,NULL,NULL,NULL,NULL),('393','노동 행정',NULL,'EPR_BIZ_TYPE_CD','Y',NULL,NULL,NULL,NULL,NULL,NULL),('394','노동조합',NULL,'EPR_BIZ_TYPE_CD','Y',NULL,NULL,NULL,NULL,NULL,NULL),('395','노래 연습장 운영업',NULL,'EPR_BIZ_TYPE_CD','Y',NULL,NULL,NULL,NULL,NULL,NULL),('396','노인 양로 복지시설 운영업',NULL,'EPR_BIZ_TYPE_CD','Y',NULL,NULL,NULL,NULL,NULL,NULL),('397','노인 요양 복지시설 운영업',NULL,'EPR_BIZ_TYPE_CD','Y',NULL,NULL,NULL,NULL,NULL,NULL),('398','노점 및 유사 이동 소매업',NULL,'EPR_BIZ_TYPE_CD','Y',NULL,NULL,NULL,NULL,NULL,NULL),('399','녹음시설 운영업',NULL,'EPR_BIZ_TYPE_CD','Y',NULL,NULL,NULL,NULL,NULL,NULL),('4','SNS마켓',NULL,'EPR_BIZ_TYPE_CD','Y',NULL,NULL,NULL,NULL,NULL,NULL),('40','개발 금융기관',NULL,'EPR_BIZ_TYPE_CD','Y',NULL,NULL,NULL,NULL,NULL,NULL),('400','놀이터용 장비 제조업',NULL,'EPR_BIZ_TYPE_CD','Y',NULL,NULL,NULL,NULL,NULL,NULL),('401','농림수산 행정',NULL,'EPR_BIZ_TYPE_CD','Y',NULL,NULL,NULL,NULL,NULL,NULL),('402','농림수산학 및 수의학 연구개발업',NULL,'EPR_BIZ_TYPE_CD','Y',NULL,NULL,NULL,NULL,NULL,NULL),('403','농림업용 기계 및 장비 도매업',NULL,'EPR_BIZ_TYPE_CD','Y',NULL,NULL,NULL,NULL,NULL,NULL),('404','농산물 건조, 선별 및 기타 수확 후 서비스업',NULL,'EPR_BIZ_TYPE_CD','Y',NULL,NULL,NULL,NULL,NULL,NULL),('405','농산물 창고업',NULL,'EPR_BIZ_TYPE_CD','Y',NULL,NULL,NULL,NULL,NULL,NULL),('406','농업 및 임업용 기계 제조업',NULL,'EPR_BIZ_TYPE_CD','Y',NULL,NULL,NULL,NULL,NULL,NULL),('407','뉴스 제공업',NULL,'EPR_BIZ_TYPE_CD','Y',NULL,NULL,NULL,NULL,NULL,NULL),('408','늘찬 배달업',NULL,'EPR_BIZ_TYPE_CD','Y',NULL,NULL,NULL,NULL,NULL,NULL),('409','다단계판매원의후원수당',NULL,'EPR_BIZ_TYPE_CD','Y',NULL,NULL,NULL,NULL,NULL,NULL),('41','개별 화물 자동차 운송업',NULL,'EPR_BIZ_TYPE_CD','Y',NULL,NULL,NULL,NULL,NULL,NULL),('410','단독 주택 건설업',NULL,'EPR_BIZ_TYPE_CD','Y',NULL,NULL,NULL,NULL,NULL,NULL),('411','단독 주택 건설업, 아파트 건설업, 기타 공동 주택 건설업',NULL,'EPR_BIZ_TYPE_CD','Y',NULL,NULL,NULL,NULL,NULL,NULL),('412','단미사료 및 기타 사료 제조업',NULL,'EPR_BIZ_TYPE_CD','Y',NULL,NULL,NULL,NULL,NULL,NULL),('413','단추 및 유사 파스너 제조업',NULL,'EPR_BIZ_TYPE_CD','Y',NULL,NULL,NULL,NULL,NULL,NULL),('414','담배 도매업',NULL,'EPR_BIZ_TYPE_CD','Y',NULL,NULL,NULL,NULL,NULL,NULL),('415','담배 소매업',NULL,'EPR_BIZ_TYPE_CD','Y',NULL,NULL,NULL,NULL,NULL,NULL),('416','담배제품 제조업',NULL,'EPR_BIZ_TYPE_CD','Y',NULL,NULL,NULL,NULL,NULL,NULL),('417','당구장 운영업',NULL,'EPR_BIZ_TYPE_CD','Y',NULL,NULL,NULL,NULL,NULL,NULL),('418','대리운전기사',NULL,'EPR_BIZ_TYPE_CD','Y',NULL,NULL,NULL,NULL,NULL,NULL),('419','대안학교',NULL,'EPR_BIZ_TYPE_CD','Y',NULL,NULL,NULL,NULL,NULL,NULL),('42','개인 간병 및 유사 서비스업',NULL,'EPR_BIZ_TYPE_CD','Y',NULL,NULL,NULL,NULL,NULL,NULL),('420','대학교',NULL,'EPR_BIZ_TYPE_CD','Y',NULL,NULL,NULL,NULL,NULL,NULL),('421','대학원',NULL,'EPR_BIZ_TYPE_CD','Y',NULL,NULL,NULL,NULL,NULL,NULL),('422','대형 마트',NULL,'EPR_BIZ_TYPE_CD','Y',NULL,NULL,NULL,NULL,NULL,NULL),('423','데이터베이스 및 온라인 정보 제공업',NULL,'EPR_BIZ_TYPE_CD','Y',NULL,NULL,NULL,NULL,NULL,NULL),('424','도금, 착색 및 기타 표면 처리 강재 제조업',NULL,'EPR_BIZ_TYPE_CD','Y',NULL,NULL,NULL,NULL,NULL,NULL),('425','도금업',NULL,'EPR_BIZ_TYPE_CD','Y',NULL,NULL,NULL,NULL,NULL,NULL),('426','도로 건설업',NULL,'EPR_BIZ_TYPE_CD','Y',NULL,NULL,NULL,NULL,NULL,NULL),('427','도로 및 관련시설 운영업',NULL,'EPR_BIZ_TYPE_CD','Y',NULL,NULL,NULL,NULL,NULL,NULL),('428','도료 도매업',NULL,'EPR_BIZ_TYPE_CD','Y',NULL,NULL,NULL,NULL,NULL,NULL),('429','도배, 실내 장식 및 내장 목공사업',NULL,'EPR_BIZ_TYPE_CD','Y',NULL,NULL,NULL,NULL,NULL,NULL),('43','개인 공제업',NULL,'EPR_BIZ_TYPE_CD','Y',NULL,NULL,NULL,NULL,NULL,NULL),('430','도서관 및 기록 보존소 운영업',NULL,'EPR_BIZ_TYPE_CD','Y',NULL,NULL,NULL,NULL,NULL,NULL),('431','도시 계획 및 조경 설계 서비스업',NULL,'EPR_BIZ_TYPE_CD','Y',NULL,NULL,NULL,NULL,NULL,NULL),('432','도시락류 제조업',NULL,'EPR_BIZ_TYPE_CD','Y',NULL,NULL,NULL,NULL,NULL,NULL),('433','도시철도 운송업',NULL,'EPR_BIZ_TYPE_CD','Y',NULL,NULL,NULL,NULL,NULL,NULL),('434','도장 공사업',NULL,'EPR_BIZ_TYPE_CD','Y',NULL,NULL,NULL,NULL,NULL,NULL),('435','도장 및 기타 피막 처리업',NULL,'EPR_BIZ_TYPE_CD','Y',NULL,NULL,NULL,NULL,NULL,NULL),('436','독서실 운영업',NULL,'EPR_BIZ_TYPE_CD','Y',NULL,NULL,NULL,NULL,NULL,NULL),('437','동 압연, 압출 및 연신제품 제조업',NULL,'EPR_BIZ_TYPE_CD','Y',NULL,NULL,NULL,NULL,NULL,NULL),('438','동 제련, 정련 및 합금 제조업',NULL,'EPR_BIZ_TYPE_CD','Y',NULL,NULL,NULL,NULL,NULL,NULL),('439','동 주물 주조업',NULL,'EPR_BIZ_TYPE_CD','Y',NULL,NULL,NULL,NULL,NULL,NULL),('44','개인간병인',NULL,'EPR_BIZ_TYPE_CD','Y',NULL,NULL,NULL,NULL,NULL,NULL),('440','동력식 수지 공구 제조업',NULL,'EPR_BIZ_TYPE_CD','Y',NULL,NULL,NULL,NULL,NULL,NULL),('441','동물성 유지 제조업',NULL,'EPR_BIZ_TYPE_CD','Y',NULL,NULL,NULL,NULL,NULL,NULL),('442','동물용 의약품 제조업',NULL,'EPR_BIZ_TYPE_CD','Y',NULL,NULL,NULL,NULL,NULL,NULL),('443','두발 미용업',NULL,'EPR_BIZ_TYPE_CD','Y',NULL,NULL,NULL,NULL,NULL,NULL),('444','두부 및 유사 식품 제조업',NULL,'EPR_BIZ_TYPE_CD','Y',NULL,NULL,NULL,NULL,NULL,NULL),('445','디스플레이 장치용 유리 제조업',NULL,'EPR_BIZ_TYPE_CD','Y',NULL,NULL,NULL,NULL,NULL,NULL),('446','디스플레이 제조용 기계 제조업',NULL,'EPR_BIZ_TYPE_CD','Y',NULL,NULL,NULL,NULL,NULL,NULL),('447','디지털 적층 성형기계 제조업',NULL,'EPR_BIZ_TYPE_CD','Y',NULL,NULL,NULL,NULL,NULL,NULL),('448','떡류 제조업',NULL,'EPR_BIZ_TYPE_CD','Y',NULL,NULL,NULL,NULL,NULL,NULL),('449','라디오 방송업',NULL,'EPR_BIZ_TYPE_CD','Y',NULL,NULL,NULL,NULL,NULL,NULL),('45','건강 기능식품 제조업',NULL,'EPR_BIZ_TYPE_CD','Y',NULL,NULL,NULL,NULL,NULL,NULL),('450','라디오, 녹음 및 재생 기기 제조업',NULL,'EPR_BIZ_TYPE_CD','Y',NULL,NULL,NULL,NULL,NULL,NULL),('451','라이터, 연소물 및 흡연용품 제조업',NULL,'EPR_BIZ_TYPE_CD','Y',NULL,NULL,NULL,NULL,NULL,NULL),('452','레미콘 제조업',NULL,'EPR_BIZ_TYPE_CD','Y',NULL,NULL,NULL,NULL,NULL,NULL),('453','레이더, 항행용 무선 기기 및 측량 기구 제조업',NULL,'EPR_BIZ_TYPE_CD','Y',NULL,NULL,NULL,NULL,NULL,NULL),('454','레크리에이션 교육기관',NULL,'EPR_BIZ_TYPE_CD','Y',NULL,NULL,NULL,NULL,NULL,NULL),('455','마그네틱 및 광학 매체 제조업',NULL,'EPR_BIZ_TYPE_CD','Y',NULL,NULL,NULL,NULL,NULL,NULL),('456','마사지업',NULL,'EPR_BIZ_TYPE_CD','Y',NULL,NULL,NULL,NULL,NULL,NULL),('457','만화 출판업',NULL,'EPR_BIZ_TYPE_CD','Y',NULL,NULL,NULL,NULL,NULL,NULL),('458','말 및 양 사육업',NULL,'EPR_BIZ_TYPE_CD','Y',NULL,NULL,NULL,NULL,NULL,NULL),('459','매니저업',NULL,'EPR_BIZ_TYPE_CD','Y',NULL,NULL,NULL,NULL,NULL,NULL),('46','건강 보조식품 소매업',NULL,'EPR_BIZ_TYPE_CD','Y',NULL,NULL,NULL,NULL,NULL,NULL),('460','매트리스 및 침대 제조업',NULL,'EPR_BIZ_TYPE_CD','Y',NULL,NULL,NULL,NULL,NULL,NULL),('461','맥아 및 맥주 제조업',NULL,'EPR_BIZ_TYPE_CD','Y',NULL,NULL,NULL,NULL,NULL,NULL),('462','메모리용 전자집적회로 제조업',NULL,'EPR_BIZ_TYPE_CD','Y',NULL,NULL,NULL,NULL,NULL,NULL),('463','면 방적업',NULL,'EPR_BIZ_TYPE_CD','Y',NULL,NULL,NULL,NULL,NULL,NULL),('464','면류, 마카로니 및 유사 식품 제조업',NULL,'EPR_BIZ_TYPE_CD','Y',NULL,NULL,NULL,NULL,NULL,NULL),('465','면세점',NULL,'EPR_BIZ_TYPE_CD','Y',NULL,NULL,NULL,NULL,NULL,NULL),('466','면직물 직조업',NULL,'EPR_BIZ_TYPE_CD','Y',NULL,NULL,NULL,NULL,NULL,NULL),('467','모 방적업',NULL,'EPR_BIZ_TYPE_CD','Y',NULL,NULL,NULL,NULL,NULL,NULL),('468','모델',NULL,'EPR_BIZ_TYPE_CD','Y',NULL,NULL,NULL,NULL,NULL,NULL),('469','모래 및 자갈 채취업',NULL,'EPR_BIZ_TYPE_CD','Y',NULL,NULL,NULL,NULL,NULL,NULL),('47','건강 보조용 액화식품 제조업',NULL,'EPR_BIZ_TYPE_CD','Y',NULL,NULL,NULL,NULL,NULL,NULL),('470','모바일 게임 소프트웨어 개발 및 공급업',NULL,'EPR_BIZ_TYPE_CD','Y',NULL,NULL,NULL,NULL,NULL,NULL),('471','모자 제조업',NULL,'EPR_BIZ_TYPE_CD','Y',NULL,NULL,NULL,NULL,NULL,NULL),('472','모조 귀금속 및 모조 장신용품 제조업',NULL,'EPR_BIZ_TYPE_CD','Y',NULL,NULL,NULL,NULL,NULL,NULL),('473','모직물 직조업',NULL,'EPR_BIZ_TYPE_CD','Y',NULL,NULL,NULL,NULL,NULL,NULL),('474','모터사이클 및 부품 도매업',NULL,'EPR_BIZ_TYPE_CD','Y',NULL,NULL,NULL,NULL,NULL,NULL),('475','모터사이클 및 부품 소매업',NULL,'EPR_BIZ_TYPE_CD','Y',NULL,NULL,NULL,NULL,NULL,NULL),('476','모터사이클 수리업',NULL,'EPR_BIZ_TYPE_CD','Y',NULL,NULL,NULL,NULL,NULL,NULL),('477','모터사이클 제조업',NULL,'EPR_BIZ_TYPE_CD','Y',NULL,NULL,NULL,NULL,NULL,NULL),('478','모피 및 가죽 제조업',NULL,'EPR_BIZ_TYPE_CD','Y',NULL,NULL,NULL,NULL,NULL,NULL),('479','모피제품 제조업',NULL,'EPR_BIZ_TYPE_CD','Y',NULL,NULL,NULL,NULL,NULL,NULL),('48','건강보험업',NULL,'EPR_BIZ_TYPE_CD','Y',NULL,NULL,NULL,NULL,NULL,NULL),('480','목욕관리사',NULL,'EPR_BIZ_TYPE_CD','Y',NULL,NULL,NULL,NULL,NULL,NULL),('481','목재 깔판류 및 기타 적재판 제조업',NULL,'EPR_BIZ_TYPE_CD','Y',NULL,NULL,NULL,NULL,NULL,NULL),('482','목재 도구 및 주방용 나무제품 제조업',NULL,'EPR_BIZ_TYPE_CD','Y',NULL,NULL,NULL,NULL,NULL,NULL),('483','목재 문 및 관련제품 제조업',NULL,'EPR_BIZ_TYPE_CD','Y',NULL,NULL,NULL,NULL,NULL,NULL),('484','목재 보존, 방부처리, 도장 및 유사 처리업',NULL,'EPR_BIZ_TYPE_CD','Y',NULL,NULL,NULL,NULL,NULL,NULL),('485','목재 포장용 상자, 드럼 및 유사 용기 제조업',NULL,'EPR_BIZ_TYPE_CD','Y',NULL,NULL,NULL,NULL,NULL,NULL),('486','무기 및 총포탄 제조업',NULL,'EPR_BIZ_TYPE_CD','Y',NULL,NULL,NULL,NULL,NULL,NULL),('487','무기 안료용 금속 산화물 및 관련 제품 제조업',NULL,'EPR_BIZ_TYPE_CD','Y',NULL,NULL,NULL,NULL,NULL,NULL),('488','무도 유흥 주점업',NULL,'EPR_BIZ_TYPE_CD','Y',NULL,NULL,NULL,NULL,NULL,NULL),('489','무도장 운영업',NULL,'EPR_BIZ_TYPE_CD','Y',NULL,NULL,NULL,NULL,NULL,NULL),('49','건물 및 구축물 해체 공사업',NULL,'EPR_BIZ_TYPE_CD','Y',NULL,NULL,NULL,NULL,NULL,NULL),('490','무선 및 위성 통신업',NULL,'EPR_BIZ_TYPE_CD','Y',NULL,NULL,NULL,NULL,NULL,NULL),('491','무용 및 음악단체',NULL,'EPR_BIZ_TYPE_CD','Y',NULL,NULL,NULL,NULL,NULL,NULL),('492','무인 항공기 및 무인 비행장치 제조업',NULL,'EPR_BIZ_TYPE_CD','Y',NULL,NULL,NULL,NULL,NULL,NULL),('493','무형 재산권 임대업',NULL,'EPR_BIZ_TYPE_CD','Y',NULL,NULL,NULL,NULL,NULL,NULL),('494','문구용 종이제품 제조업',NULL,'EPR_BIZ_TYPE_CD','Y',NULL,NULL,NULL,NULL,NULL,NULL),('495','문구용품 및 회화용품 소매업',NULL,'EPR_BIZ_TYPE_CD','Y',NULL,NULL,NULL,NULL,NULL,NULL),('496','문구용품, 회화용품, 사무용품 도매업',NULL,'EPR_BIZ_TYPE_CD','Y',NULL,NULL,NULL,NULL,NULL,NULL),('497','문서 작성업',NULL,'EPR_BIZ_TYPE_CD','Y',NULL,NULL,NULL,NULL,NULL,NULL),('498','문화 및 관광 행정',NULL,'EPR_BIZ_TYPE_CD','Y',NULL,NULL,NULL,NULL,NULL,NULL),('499','물류 터미널 운영업',NULL,'EPR_BIZ_TYPE_CD','Y',NULL,NULL,NULL,NULL,NULL,NULL),('5','가공 및 정제염 제조업',NULL,'EPR_BIZ_TYPE_CD','Y',NULL,NULL,NULL,NULL,NULL,NULL),('50','건물 및 토목 엔지니어링 서비스업',NULL,'EPR_BIZ_TYPE_CD','Y',NULL,NULL,NULL,NULL,NULL,NULL),('500','물리, 화학 및 생물학 연구개발업',NULL,'EPR_BIZ_TYPE_CD','Y',NULL,NULL,NULL,NULL,NULL,NULL),('501','물질 검사, 측정 및 분석 기구 제조업',NULL,'EPR_BIZ_TYPE_CD','Y',NULL,NULL,NULL,NULL,NULL,NULL),('502','물질 성분 검사 및 분석업',NULL,'EPR_BIZ_TYPE_CD','Y',NULL,NULL,NULL,NULL,NULL,NULL),('503','물품 감정, 계량 및 견본 추출업',NULL,'EPR_BIZ_TYPE_CD','Y',NULL,NULL,NULL,NULL,NULL,NULL),('504','미디어콘텐츠창작업',NULL,'EPR_BIZ_TYPE_CD','Y',NULL,NULL,NULL,NULL,NULL,NULL),('505','미술학원',NULL,'EPR_BIZ_TYPE_CD','Y',NULL,NULL,NULL,NULL,NULL,NULL),('506','미장, 타일 및 방수 공사업',NULL,'EPR_BIZ_TYPE_CD','Y',NULL,NULL,NULL,NULL,NULL,NULL),('507','민박업',NULL,'EPR_BIZ_TYPE_CD','Y',NULL,NULL,NULL,NULL,NULL,NULL),('508','민족 종교 단체',NULL,'EPR_BIZ_TYPE_CD','Y',NULL,NULL,NULL,NULL,NULL,NULL),('509','바둑기사',NULL,'EPR_BIZ_TYPE_CD','Y',NULL,NULL,NULL,NULL,NULL,NULL),('51','건물 및 토목 엔지니어링 서비스업(기술사)',NULL,'EPR_BIZ_TYPE_CD','Y',NULL,NULL,NULL,NULL,NULL,NULL),('510','바이오 연료 및 혼합물 제조업',NULL,'EPR_BIZ_TYPE_CD','Y',NULL,NULL,NULL,NULL,NULL,NULL),('511','박물관 운영업',NULL,'EPR_BIZ_TYPE_CD','Y',NULL,NULL,NULL,NULL,NULL,NULL),('512','박판, 합판 및 유사 적층판 제조업',NULL,'EPR_BIZ_TYPE_CD','Y',NULL,NULL,NULL,NULL,NULL,NULL),('513','반도체 제조용 기계 제조업',NULL,'EPR_BIZ_TYPE_CD','Y',NULL,NULL,NULL,NULL,NULL,NULL),('514','발광 다이오드 제조업',NULL,'EPR_BIZ_TYPE_CD','Y',NULL,NULL,NULL,NULL,NULL,NULL),('515','방문 복지서비스 제공업',NULL,'EPR_BIZ_TYPE_CD','Y',NULL,NULL,NULL,NULL,NULL,NULL),('516','방문 판매업',NULL,'EPR_BIZ_TYPE_CD','Y',NULL,NULL,NULL,NULL,NULL,NULL),('517','방사선 장치 제조업',NULL,'EPR_BIZ_TYPE_CD','Y',NULL,NULL,NULL,NULL,NULL,NULL),('518','방사선 진단 및 병리 검사 의원',NULL,'EPR_BIZ_TYPE_CD','Y',NULL,NULL,NULL,NULL,NULL,NULL),('519','방사성 폐기물 수집, 운반 및 처리업',NULL,'EPR_BIZ_TYPE_CD','Y',NULL,NULL,NULL,NULL,NULL,NULL),('52','건물용 금속 공작물 설치 공사업',NULL,'EPR_BIZ_TYPE_CD','Y',NULL,NULL,NULL,NULL,NULL,NULL),('520','방송 프로그램 제작업',NULL,'EPR_BIZ_TYPE_CD','Y',NULL,NULL,NULL,NULL,NULL,NULL),('521','방송장비 제조업',NULL,'EPR_BIZ_TYPE_CD','Y',NULL,NULL,NULL,NULL,NULL,NULL),('522','방음, 방진 및 내화 공사업',NULL,'EPR_BIZ_TYPE_CD','Y',NULL,NULL,NULL,NULL,NULL,NULL),('523','방전 램프용 안정기 제조업',NULL,'EPR_BIZ_TYPE_CD','Y',NULL,NULL,NULL,NULL,NULL,NULL),('524','방직용 섬유 및 실 도매업',NULL,'EPR_BIZ_TYPE_CD','Y',NULL,NULL,NULL,NULL,NULL,NULL),('525','배관 및 냉ㆍ난방 공사업',NULL,'EPR_BIZ_TYPE_CD','Y',NULL,NULL,NULL,NULL,NULL,NULL),('526','배관 및 냉ㆍ난방장치 도매업',NULL,'EPR_BIZ_TYPE_CD','Y',NULL,NULL,NULL,NULL,NULL,NULL),('527','배우,탤런트등',NULL,'EPR_BIZ_TYPE_CD','Y',NULL,NULL,NULL,NULL,NULL,NULL),('528','배전반 및 전기 자동제어반 제조업',NULL,'EPR_BIZ_TYPE_CD','Y',NULL,NULL,NULL,NULL,NULL,NULL),('529','배합 사료 제조업',NULL,'EPR_BIZ_TYPE_CD','Y',NULL,NULL,NULL,NULL,NULL,NULL),('53','건물용 기계ㆍ장비 설치 공사업',NULL,'EPR_BIZ_TYPE_CD','Y',NULL,NULL,NULL,NULL,NULL,NULL),('530','백화점',NULL,'EPR_BIZ_TYPE_CD','Y',NULL,NULL,NULL,NULL,NULL,NULL),('531','번역 및 통역 서비스업',NULL,'EPR_BIZ_TYPE_CD','Y',NULL,NULL,NULL,NULL,NULL,NULL),('532','벌목업',NULL,'EPR_BIZ_TYPE_CD','Y',NULL,NULL,NULL,NULL,NULL,NULL),('533','법무사업',NULL,'EPR_BIZ_TYPE_CD','Y',NULL,NULL,NULL,NULL,NULL,NULL),('534','법원',NULL,'EPR_BIZ_TYPE_CD','Y',NULL,NULL,NULL,NULL,NULL,NULL),('535','벽 및 바닥 피복용 플라스틱 제품 제조업',NULL,'EPR_BIZ_TYPE_CD','Y',NULL,NULL,NULL,NULL,NULL,NULL),('536','벽지 및 장판류 도매업',NULL,'EPR_BIZ_TYPE_CD','Y',NULL,NULL,NULL,NULL,NULL,NULL),('537','벽지 및 장판지 제조업',NULL,'EPR_BIZ_TYPE_CD','Y',NULL,NULL,NULL,NULL,NULL,NULL),('538','벽지, 마루덮개 및 장판류 소매업',NULL,'EPR_BIZ_TYPE_CD','Y',NULL,NULL,NULL,NULL,NULL,NULL),('539','변리사업',NULL,'EPR_BIZ_TYPE_CD','Y',NULL,NULL,NULL,NULL,NULL,NULL),('54','건반 악기 제조업',NULL,'EPR_BIZ_TYPE_CD','Y',NULL,NULL,NULL,NULL,NULL,NULL),('540','변압기 제조업',NULL,'EPR_BIZ_TYPE_CD','Y',NULL,NULL,NULL,NULL,NULL,NULL),('541','변호사업',NULL,'EPR_BIZ_TYPE_CD','Y',NULL,NULL,NULL,NULL,NULL,NULL),('542','보건 및 복지 행정',NULL,'EPR_BIZ_TYPE_CD','Y',NULL,NULL,NULL,NULL,NULL,NULL),('543','보링, 그라우팅 및 관정 공사업',NULL,'EPR_BIZ_TYPE_CD','Y',NULL,NULL,NULL,NULL,NULL,NULL),('544','보안 시스템 서비스업',NULL,'EPR_BIZ_TYPE_CD','Y',NULL,NULL,NULL,NULL,NULL,NULL),('545','보육시설 운영업',NULL,'EPR_BIZ_TYPE_CD','Y',NULL,NULL,NULL,NULL,NULL,NULL),('546','보증보험업',NULL,'EPR_BIZ_TYPE_CD','Y',NULL,NULL,NULL,NULL,NULL,NULL),('547','보험 대리 및 중개업',NULL,'EPR_BIZ_TYPE_CD','Y',NULL,NULL,NULL,NULL,NULL,NULL),('548','보험설계사',NULL,'EPR_BIZ_TYPE_CD','Y',NULL,NULL,NULL,NULL,NULL,NULL),('549','복권 발행 및 판매업',NULL,'EPR_BIZ_TYPE_CD','Y',NULL,NULL,NULL,NULL,NULL,NULL),('55','건설 및 운송 행정',NULL,'EPR_BIZ_TYPE_CD','Y',NULL,NULL,NULL,NULL,NULL,NULL),('550','복사업',NULL,'EPR_BIZ_TYPE_CD','Y',NULL,NULL,NULL,NULL,NULL,NULL),('551','복합비료 및 기타 화학비료 제조업',NULL,'EPR_BIZ_TYPE_CD','Y',NULL,NULL,NULL,NULL,NULL,NULL),('552','볼링장 운영업',NULL,'EPR_BIZ_TYPE_CD','Y',NULL,NULL,NULL,NULL,NULL,NULL),('553','볼트 및 너트류 제조업',NULL,'EPR_BIZ_TYPE_CD','Y',NULL,NULL,NULL,NULL,NULL,NULL),('554','부동산 감정 평가업',NULL,'EPR_BIZ_TYPE_CD','Y',NULL,NULL,NULL,NULL,NULL,NULL),('555','부동산 중개 및 대리업',NULL,'EPR_BIZ_TYPE_CD','Y',NULL,NULL,NULL,NULL,NULL,NULL),('556','부동산 투자 자문업',NULL,'EPR_BIZ_TYPE_CD','Y',NULL,NULL,NULL,NULL,NULL,NULL),('557','부정형 내화 요업제품 제조업',NULL,'EPR_BIZ_TYPE_CD','Y',NULL,NULL,NULL,NULL,NULL,NULL),('558','부직포 및 펠트 제조업',NULL,'EPR_BIZ_TYPE_CD','Y',NULL,NULL,NULL,NULL,NULL,NULL),('559','분말 야금제품 제조업',NULL,'EPR_BIZ_TYPE_CD','Y',NULL,NULL,NULL,NULL,NULL,NULL),('56','건설 및 채광용 기계장비 제조업',NULL,'EPR_BIZ_TYPE_CD','Y',NULL,NULL,NULL,NULL,NULL,NULL),('560','분사기 및 소화기 제조업',NULL,'EPR_BIZ_TYPE_CD','Y',NULL,NULL,NULL,NULL,NULL,NULL),('561','불교 단체',NULL,'EPR_BIZ_TYPE_CD','Y',NULL,NULL,NULL,NULL,NULL,NULL),('562','비 및 솔 제조업',NULL,'EPR_BIZ_TYPE_CD','Y',NULL,NULL,NULL,NULL,NULL,NULL),('563','비계 및 형틀 공사업',NULL,'EPR_BIZ_TYPE_CD','Y',NULL,NULL,NULL,NULL,NULL,NULL),('564','비금속광물 분쇄물 생산업',NULL,'EPR_BIZ_TYPE_CD','Y',NULL,NULL,NULL,NULL,NULL,NULL),('565','비금속류 원료 재생업',NULL,'EPR_BIZ_TYPE_CD','Y',NULL,NULL,NULL,NULL,NULL,NULL),('566','비금속류 해체 및 선별업',NULL,'EPR_BIZ_TYPE_CD','Y',NULL,NULL,NULL,NULL,NULL,NULL),('567','비내화 모르타르 제조업',NULL,'EPR_BIZ_TYPE_CD','Y',NULL,NULL,NULL,NULL,NULL,NULL),('568','비누 및 세정제 도매업',NULL,'EPR_BIZ_TYPE_CD','Y',NULL,NULL,NULL,NULL,NULL,NULL),('569','비동력식 수공구 제조업',NULL,'EPR_BIZ_TYPE_CD','Y',NULL,NULL,NULL,NULL,NULL,NULL),('57','건설 및 토목공사용 기계ㆍ장비 임대업',NULL,'EPR_BIZ_TYPE_CD','Y',NULL,NULL,NULL,NULL,NULL,NULL),('570','비디오 및 기타 영상 기기 제조업',NULL,'EPR_BIZ_TYPE_CD','Y',NULL,NULL,NULL,NULL,NULL,NULL),('571','비디오물 감상실 운영업',NULL,'EPR_BIZ_TYPE_CD','Y',NULL,NULL,NULL,NULL,NULL,NULL),('572','비료 및 농약 도매업',NULL,'EPR_BIZ_TYPE_CD','Y',NULL,NULL,NULL,NULL,NULL,NULL),('573','비메모리용 및 기타 전자집적회로 제조업',NULL,'EPR_BIZ_TYPE_CD','Y',NULL,NULL,NULL,NULL,NULL,NULL),('574','비알코올 음료 도매업',NULL,'EPR_BIZ_TYPE_CD','Y',NULL,NULL,NULL,NULL,NULL,NULL),('575','비주거용 건물 개발 및 공급업',NULL,'EPR_BIZ_TYPE_CD','Y',NULL,NULL,NULL,NULL,NULL,NULL),('576','비주거용 건물 임대업',NULL,'EPR_BIZ_TYPE_CD','Y',NULL,NULL,NULL,NULL,NULL,NULL),('577','비주거용 건물 임대업(자기땅)',NULL,'EPR_BIZ_TYPE_CD','Y',NULL,NULL,NULL,NULL,NULL,NULL),('578','비주거용 건물 임대업(점포, 자기땅)',NULL,'EPR_BIZ_TYPE_CD','Y',NULL,NULL,NULL,NULL,NULL,NULL),('579','비주거용 건물 임대업(점포, 타인땅)',NULL,'EPR_BIZ_TYPE_CD','Y',NULL,NULL,NULL,NULL,NULL,NULL),('58','건설 폐기물 수집, 운반업',NULL,'EPR_BIZ_TYPE_CD','Y',NULL,NULL,NULL,NULL,NULL,NULL),('580','비주거용 건물 임대업(타인땅)',NULL,'EPR_BIZ_TYPE_CD','Y',NULL,NULL,NULL,NULL,NULL,NULL),('581','비주거용 부동산 관리업',NULL,'EPR_BIZ_TYPE_CD','Y',NULL,NULL,NULL,NULL,NULL,NULL),('582','비철금속 광업',NULL,'EPR_BIZ_TYPE_CD','Y',NULL,NULL,NULL,NULL,NULL,NULL),('583','비철금속 광업(조광권자)',NULL,'EPR_BIZ_TYPE_CD','Y',NULL,NULL,NULL,NULL,NULL,NULL),('584','빵류 제조업',NULL,'EPR_BIZ_TYPE_CD','Y',NULL,NULL,NULL,NULL,NULL,NULL),('585','빵류, 과자류 및 당류 소매업',NULL,'EPR_BIZ_TYPE_CD','Y',NULL,NULL,NULL,NULL,NULL,NULL),('586','빵류, 과자류, 당류, 초콜릿 도매업',NULL,'EPR_BIZ_TYPE_CD','Y',NULL,NULL,NULL,NULL,NULL,NULL),('587','사람 분뇨 처리업',NULL,'EPR_BIZ_TYPE_CD','Y',NULL,NULL,NULL,NULL,NULL,NULL),('588','사료 도매업',NULL,'EPR_BIZ_TYPE_CD','Y',NULL,NULL,NULL,NULL,NULL,NULL),('589','사무 및 회화용품 제조업',NULL,'EPR_BIZ_TYPE_CD','Y',NULL,NULL,NULL,NULL,NULL,NULL),('59','건설 폐기물 처리업',NULL,'EPR_BIZ_TYPE_CD','Y',NULL,NULL,NULL,NULL,NULL,NULL),('590','사무ㆍ상업용 및 공공기관용 건물 건설업',NULL,'EPR_BIZ_TYPE_CD','Y',NULL,NULL,NULL,NULL,NULL,NULL),('591','사무용 가구 및 기기 도매업',NULL,'EPR_BIZ_TYPE_CD','Y',NULL,NULL,NULL,NULL,NULL,NULL),('592','사무용 기계 및 장비 제조업',NULL,'EPR_BIZ_TYPE_CD','Y',NULL,NULL,NULL,NULL,NULL,NULL),('593','사무용 기기 소매업',NULL,'EPR_BIZ_TYPE_CD','Y',NULL,NULL,NULL,NULL,NULL,NULL),('594','사업 공제업',NULL,'EPR_BIZ_TYPE_CD','Y',NULL,NULL,NULL,NULL,NULL,NULL),('595','사업 및 무형 재산권 중개업',NULL,'EPR_BIZ_TYPE_CD','Y',NULL,NULL,NULL,NULL,NULL,NULL),('596','사업시설 유지ㆍ관리 서비스업',NULL,'EPR_BIZ_TYPE_CD','Y',NULL,NULL,NULL,NULL,NULL,NULL),('597','사적지 관리 운영업',NULL,'EPR_BIZ_TYPE_CD','Y',NULL,NULL,NULL,NULL,NULL,NULL),('598','사진 처리업',NULL,'EPR_BIZ_TYPE_CD','Y',NULL,NULL,NULL,NULL,NULL,NULL),('599','사진기 및 사진용품 소매업',NULL,'EPR_BIZ_TYPE_CD','Y',NULL,NULL,NULL,NULL,NULL,NULL),('6','가구 내 고용활동',NULL,'EPR_BIZ_TYPE_CD','Y',NULL,NULL,NULL,NULL,NULL,NULL),('60','건설ㆍ광업용 기계 및 장비 도매업',NULL,'EPR_BIZ_TYPE_CD','Y',NULL,NULL,NULL,NULL,NULL,NULL),('600','사진기, 영사기 및 관련 장비 제조업',NULL,'EPR_BIZ_TYPE_CD','Y',NULL,NULL,NULL,NULL,NULL,NULL),('601','사회교육시설',NULL,'EPR_BIZ_TYPE_CD','Y',NULL,NULL,NULL,NULL,NULL,NULL),('602','사회보장 행정',NULL,'EPR_BIZ_TYPE_CD','Y',NULL,NULL,NULL,NULL,NULL,NULL),('603','사회복지 상담 서비스 제공업',NULL,'EPR_BIZ_TYPE_CD','Y',NULL,NULL,NULL,NULL,NULL,NULL),('604','산업 단체',NULL,'EPR_BIZ_TYPE_CD','Y',NULL,NULL,NULL,NULL,NULL,NULL),('605','산업 생산시설 종합 건설업',NULL,'EPR_BIZ_TYPE_CD','Y',NULL,NULL,NULL,NULL,NULL,NULL),('606','산업 재해 및 기타 사회보장보험업',NULL,'EPR_BIZ_TYPE_CD','Y',NULL,NULL,NULL,NULL,NULL,NULL),('607','산업 처리공정 제어장비 제조업',NULL,'EPR_BIZ_TYPE_CD','Y',NULL,NULL,NULL,NULL,NULL,NULL),('608','산업설비, 운송장비 및 공공장소 청소업',NULL,'EPR_BIZ_TYPE_CD','Y',NULL,NULL,NULL,NULL,NULL,NULL),('609','산업용 가스 제조업',NULL,'EPR_BIZ_TYPE_CD','Y',NULL,NULL,NULL,NULL,NULL,NULL),('61','건설용 석재 채굴 및 쇄석 생산업',NULL,'EPR_BIZ_TYPE_CD','Y',NULL,NULL,NULL,NULL,NULL,NULL),('610','산업용 그 외 비경화 고무제품 제조업',NULL,'EPR_BIZ_TYPE_CD','Y',NULL,NULL,NULL,NULL,NULL,NULL),('611','산업용 난방보일러 및 방열기 제조업',NULL,'EPR_BIZ_TYPE_CD','Y',NULL,NULL,NULL,NULL,NULL,NULL),('612','산업용 냉장 및 냉동장비 제조업',NULL,'EPR_BIZ_TYPE_CD','Y',NULL,NULL,NULL,NULL,NULL,NULL),('613','산업용 농ㆍ축산물, 섬유 원료 및 동물 중개업',NULL,'EPR_BIZ_TYPE_CD','Y',NULL,NULL,NULL,NULL,NULL,NULL),('614','산업용 로봇 제조업',NULL,'EPR_BIZ_TYPE_CD','Y',NULL,NULL,NULL,NULL,NULL,NULL),('615','산업용 섬유 세척, 염색, 정리 및 가공 기계 제조업',NULL,'EPR_BIZ_TYPE_CD','Y',NULL,NULL,NULL,NULL,NULL,NULL),('616','산업용 세탁업',NULL,'EPR_BIZ_TYPE_CD','Y',NULL,NULL,NULL,NULL,NULL,NULL),('617','산업용 송풍기 및 배기장치 제조업',NULL,'EPR_BIZ_TYPE_CD','Y',NULL,NULL,NULL,NULL,NULL,NULL),('618','산업용 오븐, 노 및 노용 버너 제조업',NULL,'EPR_BIZ_TYPE_CD','Y',NULL,NULL,NULL,NULL,NULL,NULL),('619','산업용 트럭 및 적재기 제조업',NULL,'EPR_BIZ_TYPE_CD','Y',NULL,NULL,NULL,NULL,NULL,NULL),('62','건설용 석제품 제조업',NULL,'EPR_BIZ_TYPE_CD','Y',NULL,NULL,NULL,NULL,NULL,NULL),('620','산업용수 공급업',NULL,'EPR_BIZ_TYPE_CD','Y',NULL,NULL,NULL,NULL,NULL,NULL),('621','상업 및 정보산업 특성화 고등학교',NULL,'EPR_BIZ_TYPE_CD','Y',NULL,NULL,NULL,NULL,NULL,NULL),('622','상업용 사진 촬영업',NULL,'EPR_BIZ_TYPE_CD','Y',NULL,NULL,NULL,NULL,NULL,NULL),('623','상용 인력 공급 및 인사관리 서비스업',NULL,'EPR_BIZ_TYPE_CD','Y',NULL,NULL,NULL,NULL,NULL,NULL),('624','상품 종합 도매업',NULL,'EPR_BIZ_TYPE_CD','Y',NULL,NULL,NULL,NULL,NULL,NULL),('625','상호 저축은행 및 기타 저축기관',NULL,'EPR_BIZ_TYPE_CD','Y',NULL,NULL,NULL,NULL,NULL,NULL),('626','생맥주 전문점',NULL,'EPR_BIZ_TYPE_CD','Y',NULL,NULL,NULL,NULL,NULL,NULL),('627','생명보험업',NULL,'EPR_BIZ_TYPE_CD','Y',NULL,NULL,NULL,NULL,NULL,NULL),('628','생물 살균ㆍ살충제 및 식물보호제 제조업',NULL,'EPR_BIZ_TYPE_CD','Y',NULL,NULL,NULL,NULL,NULL,NULL),('629','생물학적 제제 제조업',NULL,'EPR_BIZ_TYPE_CD','Y',NULL,NULL,NULL,NULL,NULL,NULL),('63','건설장비 운영업',NULL,'EPR_BIZ_TYPE_CD','Y',NULL,NULL,NULL,NULL,NULL,NULL),('630','생수 생산업',NULL,'EPR_BIZ_TYPE_CD','Y',NULL,NULL,NULL,NULL,NULL,NULL),('631','생활용 가구 도매업',NULL,'EPR_BIZ_TYPE_CD','Y',NULL,NULL,NULL,NULL,NULL,NULL),('632','생활용 섬유 및 실 도매업',NULL,'EPR_BIZ_TYPE_CD','Y',NULL,NULL,NULL,NULL,NULL,NULL),('633','생활용 유리ㆍ요업ㆍ목재ㆍ금속 제품 및 날붙이 도매업',NULL,'EPR_BIZ_TYPE_CD','Y',NULL,NULL,NULL,NULL,NULL,NULL),('634','생활용 포장 및 위생용품, 봉투 및 유사 제품 도매업',NULL,'EPR_BIZ_TYPE_CD','Y',NULL,NULL,NULL,NULL,NULL,NULL),('635','생활용수 공급업',NULL,'EPR_BIZ_TYPE_CD','Y',NULL,NULL,NULL,NULL,NULL,NULL),('636','서양식 음식점업',NULL,'EPR_BIZ_TYPE_CD','Y',NULL,NULL,NULL,NULL,NULL,NULL),('637','서적 임대업',NULL,'EPR_BIZ_TYPE_CD','Y',NULL,NULL,NULL,NULL,NULL,NULL),('638','서적, 신문 및 잡지류 소매업',NULL,'EPR_BIZ_TYPE_CD','Y',NULL,NULL,NULL,NULL,NULL,NULL),('639','서적, 잡지 및 기타 인쇄물 도매업',NULL,'EPR_BIZ_TYPE_CD','Y',NULL,NULL,NULL,NULL,NULL,NULL),('64','건어물 및 젓갈류 도매업',NULL,'EPR_BIZ_TYPE_CD','Y',NULL,NULL,NULL,NULL,NULL,NULL),('640','서적외판원,학습지방문판매원,화장품외판원,정수기,자동차방문판매원,기타외판원',NULL,'EPR_BIZ_TYPE_CD','Y',NULL,NULL,NULL,NULL,NULL,NULL),('641','석유화학계 기초 화학 물질 제조업',NULL,'EPR_BIZ_TYPE_CD','Y',NULL,NULL,NULL,NULL,NULL,NULL),('642','석탄 광업',NULL,'EPR_BIZ_TYPE_CD','Y',NULL,NULL,NULL,NULL,NULL,NULL),('643','석탄 광업(조광권자)',NULL,'EPR_BIZ_TYPE_CD','Y',NULL,NULL,NULL,NULL,NULL,NULL),('644','석탄화학계 화합물 및 기타 기초 유기화학 물질 제조업',NULL,'EPR_BIZ_TYPE_CD','Y',NULL,NULL,NULL,NULL,NULL,NULL),('645','석회 및 플라스터 제조업',NULL,'EPR_BIZ_TYPE_CD','Y',NULL,NULL,NULL,NULL,NULL,NULL),('646','석회석 및 점토 광업',NULL,'EPR_BIZ_TYPE_CD','Y',NULL,NULL,NULL,NULL,NULL,NULL),('647','석회석 및 점토 광업, 건설용 석재 채굴 및 쇄석 생산업, 모래 및 자갈 채취업, 화학용 및 비료 원료용 광물 광업, 그 외 기타 비금속광물 광업',NULL,'EPR_BIZ_TYPE_CD','Y',NULL,NULL,NULL,NULL,NULL,NULL),('648','선물 중개업',NULL,'EPR_BIZ_TYPE_CD','Y',NULL,NULL,NULL,NULL,NULL,NULL),('649','선박 구성 부분품 제조업',NULL,'EPR_BIZ_TYPE_CD','Y',NULL,NULL,NULL,NULL,NULL,NULL),('65','건어물 및 젓갈류 소매업',NULL,'EPR_BIZ_TYPE_CD','Y',NULL,NULL,NULL,NULL,NULL,NULL),('650','선철 주물 주조업',NULL,'EPR_BIZ_TYPE_CD','Y',NULL,NULL,NULL,NULL,NULL,NULL),('651','설치용 및 위생용 플라스틱제품 제조업',NULL,'EPR_BIZ_TYPE_CD','Y',NULL,NULL,NULL,NULL,NULL,NULL),('652','설탕 제조업',NULL,'EPR_BIZ_TYPE_CD','Y',NULL,NULL,NULL,NULL,NULL,NULL),('653','섬유 원단, 실 및 기타 섬유제품 소매업',NULL,'EPR_BIZ_TYPE_CD','Y',NULL,NULL,NULL,NULL,NULL,NULL),('654','섬유, 의복, 신발 및 가죽제품 중개업, 목재 및 건축자재 중개업, 연료, 광물, 1차 금속, 비료 및 화학제품 중개업, 기계 및 장비 중개업, 그 외 기타 특정 상품 중개업',NULL,'EPR_BIZ_TYPE_CD','Y',NULL,NULL,NULL,NULL,NULL,NULL),('656','섬유, 의복, 신발 및 가죽제품 중개업, 목재 및 건축자재 중개업, 연료, 광물, 1차 금속, 비료 및 화학제품 중개업, 기계 및 장비 중개업, 상품 종합 중개업',NULL,'EPR_BIZ_TYPE_CD','Y',NULL,NULL,NULL,NULL,NULL,NULL),('657','섬유제품 기타 정리 및 마무리 가공업',NULL,'EPR_BIZ_TYPE_CD','Y',NULL,NULL,NULL,NULL,NULL,NULL),('658','성악가 등',NULL,'EPR_BIZ_TYPE_CD','Y',NULL,NULL,NULL,NULL,NULL,NULL),('659','세무사업',NULL,'EPR_BIZ_TYPE_CD','Y',NULL,NULL,NULL,NULL,NULL,NULL),('66','건축 설계 및 관련 서비스업',NULL,'EPR_BIZ_TYPE_CD','Y',NULL,NULL,NULL,NULL,NULL,NULL),('660','세무사업(기장대리), 기타 회계 관련 서비스업',NULL,'EPR_BIZ_TYPE_CD','Y',NULL,NULL,NULL,NULL,NULL,NULL),('661','세탁물 공급업',NULL,'EPR_BIZ_TYPE_CD','Y',NULL,NULL,NULL,NULL,NULL,NULL),('662','세폭직물 제조업',NULL,'EPR_BIZ_TYPE_CD','Y',NULL,NULL,NULL,NULL,NULL,NULL),('663','셔츠 및 블라우스 소매업',NULL,'EPR_BIZ_TYPE_CD','Y',NULL,NULL,NULL,NULL,NULL,NULL),('664','셔츠 및 블라우스 제조업',NULL,'EPR_BIZ_TYPE_CD','Y',NULL,NULL,NULL,NULL,NULL,NULL),('665','소독, 구충 및 방제 서비스업',NULL,'EPR_BIZ_TYPE_CD','Y',NULL,NULL,NULL,NULL,NULL,NULL),('666','소방서',NULL,'EPR_BIZ_TYPE_CD','Y',NULL,NULL,NULL,NULL,NULL,NULL),('667','소방시설 공사업',NULL,'EPR_BIZ_TYPE_CD','Y',NULL,NULL,NULL,NULL,NULL,NULL),('668','소주 제조업',NULL,'EPR_BIZ_TYPE_CD','Y',NULL,NULL,NULL,NULL,NULL,NULL),('669','소파 및 기타 내장 가구 제조업',NULL,'EPR_BIZ_TYPE_CD','Y',NULL,NULL,NULL,NULL,NULL,NULL),('67','건축 설계 및 관련 서비스업(건축사)',NULL,'EPR_BIZ_TYPE_CD','Y',NULL,NULL,NULL,NULL,NULL,NULL),('670','속도계 및 적산계기 제조업',NULL,'EPR_BIZ_TYPE_CD','Y',NULL,NULL,NULL,NULL,NULL,NULL),('671','속옷 및 잠옷 도매업',NULL,'EPR_BIZ_TYPE_CD','Y',NULL,NULL,NULL,NULL,NULL,NULL),('672','속옷 및 잠옷 소매업',NULL,'EPR_BIZ_TYPE_CD','Y',NULL,NULL,NULL,NULL,NULL,NULL),('673','속옷 및 잠옷 제조업',NULL,'EPR_BIZ_TYPE_CD','Y',NULL,NULL,NULL,NULL,NULL,NULL),('674','손해 사정업',NULL,'EPR_BIZ_TYPE_CD','Y',NULL,NULL,NULL,NULL,NULL,NULL),('675','손해보험업',NULL,'EPR_BIZ_TYPE_CD','Y',NULL,NULL,NULL,NULL,NULL,NULL),('676','솜 및 실 염색 가공업',NULL,'EPR_BIZ_TYPE_CD','Y',NULL,NULL,NULL,NULL,NULL,NULL),('677','솜 및 실 염색 가공업, 직물, 편조 원단 및 의복류 염색 가공업, 날염 가공업',NULL,'EPR_BIZ_TYPE_CD','Y',NULL,NULL,NULL,NULL,NULL,NULL),('678','송전 및 배전업',NULL,'EPR_BIZ_TYPE_CD','Y',NULL,NULL,NULL,NULL,NULL,NULL),('679','수동식 식품 가공 기기 및 금속 주방용기 제조업',NULL,'EPR_BIZ_TYPE_CD','Y',NULL,NULL,NULL,NULL,NULL,NULL),('68','건축물 일반 청소업',NULL,'EPR_BIZ_TYPE_CD','Y',NULL,NULL,NULL,NULL,NULL,NULL),('680','수력 발전업',NULL,'EPR_BIZ_TYPE_CD','Y',NULL,NULL,NULL,NULL,NULL,NULL),('681','수렵 및 관련 서비스업',NULL,'EPR_BIZ_TYPE_CD','Y',NULL,NULL,NULL,NULL,NULL,NULL),('682','수산동물 건조 및 염장품 제조업',NULL,'EPR_BIZ_TYPE_CD','Y',NULL,NULL,NULL,NULL,NULL,NULL),('684','수산동물 냉동품 제조업',NULL,'EPR_BIZ_TYPE_CD','Y',NULL,NULL,NULL,NULL,NULL,NULL),('685','수산동물 훈제, 조리 및 유사 조제식품 제조업',NULL,'EPR_BIZ_TYPE_CD','Y',NULL,NULL,NULL,NULL,NULL,NULL),('686','수산물 가공식품 도매업',NULL,'EPR_BIZ_TYPE_CD','Y',NULL,NULL,NULL,NULL,NULL,NULL),('687','수산물 부화 및 수산 종자 생산업',NULL,'EPR_BIZ_TYPE_CD','Y',NULL,NULL,NULL,NULL,NULL,NULL),('688','수산식물 가공 및 저장 처리업',NULL,'EPR_BIZ_TYPE_CD','Y',NULL,NULL,NULL,NULL,NULL,NULL),('689','수상 금속 골조 구조재 제조업',NULL,'EPR_BIZ_TYPE_CD','Y',NULL,NULL,NULL,NULL,NULL,NULL),('69','검찰',NULL,'EPR_BIZ_TYPE_CD','Y',NULL,NULL,NULL,NULL,NULL,NULL),('690','수상 화물 취급업',NULL,'EPR_BIZ_TYPE_CD','Y',NULL,NULL,NULL,NULL,NULL,NULL),('691','수송용 운송장비 도매업',NULL,'EPR_BIZ_TYPE_CD','Y',NULL,NULL,NULL,NULL,NULL,NULL),('692','수영장 운영업',NULL,'EPR_BIZ_TYPE_CD','Y',NULL,NULL,NULL,NULL,NULL,NULL),('693','수의업',NULL,'EPR_BIZ_TYPE_CD','Y',NULL,NULL,NULL,NULL,NULL,NULL),('694','수중 공사업',NULL,'EPR_BIZ_TYPE_CD','Y',NULL,NULL,NULL,NULL,NULL,NULL),('695','수프 및 균질화식품 제조업',NULL,'EPR_BIZ_TYPE_CD','Y',NULL,NULL,NULL,NULL,NULL,NULL),('696','숙박공유업',NULL,'EPR_BIZ_TYPE_CD','Y',NULL,NULL,NULL,NULL,NULL,NULL),('697','슈퍼마켓',NULL,'EPR_BIZ_TYPE_CD','Y',NULL,NULL,NULL,NULL,NULL,NULL),('698','스크린 인쇄업',NULL,'EPR_BIZ_TYPE_CD','Y',NULL,NULL,NULL,NULL,NULL,NULL),('699','스키장 운영업',NULL,'EPR_BIZ_TYPE_CD','Y',NULL,NULL,NULL,NULL,NULL,NULL),('7','가구 소매업',NULL,'EPR_BIZ_TYPE_CD','Y',NULL,NULL,NULL,NULL,NULL,NULL),('70','게임용구, 인형 및 장난감 소매업',NULL,'EPR_BIZ_TYPE_CD','Y',NULL,NULL,NULL,NULL,NULL,NULL),('700','스타킹 및 기타양말 제조업',NULL,'EPR_BIZ_TYPE_CD','Y',NULL,NULL,NULL,NULL,NULL,NULL),('701','스포츠 및 레크리에이션 용품 임대업',NULL,'EPR_BIZ_TYPE_CD','Y',NULL,NULL,NULL,NULL,NULL,NULL),('702','스포츠 클럽 운영업',NULL,'EPR_BIZ_TYPE_CD','Y',NULL,NULL,NULL,NULL,NULL,NULL),('703','승강기 제조업',NULL,'EPR_BIZ_TYPE_CD','Y',NULL,NULL,NULL,NULL,NULL,NULL),('704','승용차 및 기타 여객용 자동차 제조업',NULL,'EPR_BIZ_TYPE_CD','Y',NULL,NULL,NULL,NULL,NULL,NULL),('705','시각 디자인업',NULL,'EPR_BIZ_TYPE_CD','Y',NULL,NULL,NULL,NULL,NULL,NULL),('706','시계 및 귀금속 소매업',NULL,'EPR_BIZ_TYPE_CD','Y',NULL,NULL,NULL,NULL,NULL,NULL),('707','시계 및 귀금속 제품 도매업',NULL,'EPR_BIZ_TYPE_CD','Y',NULL,NULL,NULL,NULL,NULL,NULL),('708','시계 및 시계 부품 제조업',NULL,'EPR_BIZ_TYPE_CD','Y',NULL,NULL,NULL,NULL,NULL,NULL),('709','시계, 귀금속 및 악기 수리업',NULL,'EPR_BIZ_TYPE_CD','Y',NULL,NULL,NULL,NULL,NULL,NULL),('71','결혼 상담 및 준비 서비스업',NULL,'EPR_BIZ_TYPE_CD','Y',NULL,NULL,NULL,NULL,NULL,NULL),('710','시내버스 운송업',NULL,'EPR_BIZ_TYPE_CD','Y',NULL,NULL,NULL,NULL,NULL,NULL),('711','시내버스 운송업, 시외버스 운송업',NULL,'EPR_BIZ_TYPE_CD','Y',NULL,NULL,NULL,NULL,NULL,NULL),('712','시내버스 운송업, 시외버스 운송업, 택시 운송업',NULL,'EPR_BIZ_TYPE_CD','Y',NULL,NULL,NULL,NULL,NULL,NULL),('713','시멘트 제조업',NULL,'EPR_BIZ_TYPE_CD','Y',NULL,NULL,NULL,NULL,NULL,NULL),('714','시설물 유지관리 공사업',NULL,'EPR_BIZ_TYPE_CD','Y',NULL,NULL,NULL,NULL,NULL,NULL),('715','시스템 소프트웨어 개발 및 공급업',NULL,'EPR_BIZ_TYPE_CD','Y',NULL,NULL,NULL,NULL,NULL,NULL),('716','시외버스 운송업',NULL,'EPR_BIZ_TYPE_CD','Y',NULL,NULL,NULL,NULL,NULL,NULL),('717','시장 조사 및 여론 조사업',NULL,'EPR_BIZ_TYPE_CD','Y',NULL,NULL,NULL,NULL,NULL,NULL),('718','식물성 유지 제조업',NULL,'EPR_BIZ_TYPE_CD','Y',NULL,NULL,NULL,NULL,NULL,NULL),('719','식물원 및 동물원 운영업',NULL,'EPR_BIZ_TYPE_CD','Y',NULL,NULL,NULL,NULL,NULL,NULL),('72','경 인쇄업',NULL,'EPR_BIZ_TYPE_CD','Y',NULL,NULL,NULL,NULL,NULL,NULL),('720','식용 정제유 및 가공유 제조업',NULL,'EPR_BIZ_TYPE_CD','Y',NULL,NULL,NULL,NULL,NULL,NULL),('721','식초, 발효 및 화학 조미료 제조업',NULL,'EPR_BIZ_TYPE_CD','Y',NULL,NULL,NULL,NULL,NULL,NULL),('722','식품 위생용 종이 상자 및 용기 제조업',NULL,'EPR_BIZ_TYPE_CD','Y',NULL,NULL,NULL,NULL,NULL,NULL),('723','신문 발행업',NULL,'EPR_BIZ_TYPE_CD','Y',NULL,NULL,NULL,NULL,NULL,NULL),('724','신문용지 제조업',NULL,'EPR_BIZ_TYPE_CD','Y',NULL,NULL,NULL,NULL,NULL,NULL),('725','신발 도매업',NULL,'EPR_BIZ_TYPE_CD','Y',NULL,NULL,NULL,NULL,NULL,NULL),('726','신발 부분품 제조업',NULL,'EPR_BIZ_TYPE_CD','Y',NULL,NULL,NULL,NULL,NULL,NULL),('727','신발 소매업',NULL,'EPR_BIZ_TYPE_CD','Y',NULL,NULL,NULL,NULL,NULL,NULL),('728','신선, 냉동 및 기타 수산물 도매업',NULL,'EPR_BIZ_TYPE_CD','Y',NULL,NULL,NULL,NULL,NULL,NULL),('729','신선, 냉동 및 기타 수산물 소매업',NULL,'EPR_BIZ_TYPE_CD','Y',NULL,NULL,NULL,NULL,NULL,NULL),('73','경비 및 경호 서비스업',NULL,'EPR_BIZ_TYPE_CD','Y',NULL,NULL,NULL,NULL,NULL,NULL),('730','신용 조사 및 추심 대행업',NULL,'EPR_BIZ_TYPE_CD','Y',NULL,NULL,NULL,NULL,NULL,NULL),('731','신용조합',NULL,'EPR_BIZ_TYPE_CD','Y',NULL,NULL,NULL,NULL,NULL,NULL),('732','신용카드 및 할부 금융업',NULL,'EPR_BIZ_TYPE_CD','Y',NULL,NULL,NULL,NULL,NULL,NULL),('733','신체 부자유자 거주 복지시설 운영업',NULL,'EPR_BIZ_TYPE_CD','Y',NULL,NULL,NULL,NULL,NULL,NULL),('734','신탁업 및 집합 투자업',NULL,'EPR_BIZ_TYPE_CD','Y',NULL,NULL,NULL,NULL,NULL,NULL),('735','실내 경기장 운영업',NULL,'EPR_BIZ_TYPE_CD','Y',NULL,NULL,NULL,NULL,NULL,NULL),('736','실외 경기장 운영업',NULL,'EPR_BIZ_TYPE_CD','Y',NULL,NULL,NULL,NULL,NULL,NULL),('737','심부름용역원',NULL,'EPR_BIZ_TYPE_CD','Y',NULL,NULL,NULL,NULL,NULL,NULL),('738','아동 및 부녀자 거주 복지시설 운영업',NULL,'EPR_BIZ_TYPE_CD','Y',NULL,NULL,NULL,NULL,NULL,NULL),('739','아스팔트 콘크리트 및 혼합제품 제조업',NULL,'EPR_BIZ_TYPE_CD','Y',NULL,NULL,NULL,NULL,NULL,NULL),('74','경성 인쇄회로기판 제조업',NULL,'EPR_BIZ_TYPE_CD','Y',NULL,NULL,NULL,NULL,NULL,NULL),('740','아이스크림 및 기타 식용 빙과류 제조업',NULL,'EPR_BIZ_TYPE_CD','Y',NULL,NULL,NULL,NULL,NULL,NULL),('741','아파트 건설업',NULL,'EPR_BIZ_TYPE_CD','Y',NULL,NULL,NULL,NULL,NULL,NULL),('742','악기 도매업',NULL,'EPR_BIZ_TYPE_CD','Y',NULL,NULL,NULL,NULL,NULL,NULL),('743','악기 소매업',NULL,'EPR_BIZ_TYPE_CD','Y',NULL,NULL,NULL,NULL,NULL,NULL),('744','안경 및 렌즈 소매업',NULL,'EPR_BIZ_TYPE_CD','Y',NULL,NULL,NULL,NULL,NULL,NULL),('745','안경 및 안경렌즈 제조업',NULL,'EPR_BIZ_TYPE_CD','Y',NULL,NULL,NULL,NULL,NULL,NULL),('746','안경, 사진장비 및 광학용품 도매업',NULL,'EPR_BIZ_TYPE_CD','Y',NULL,NULL,NULL,NULL,NULL,NULL),('747','안전유리 제조업',NULL,'EPR_BIZ_TYPE_CD','Y',NULL,NULL,NULL,NULL,NULL,NULL),('748','알루미늄 압연, 압출 및 연신제품 제조업',NULL,'EPR_BIZ_TYPE_CD','Y',NULL,NULL,NULL,NULL,NULL,NULL),('749','알루미늄 제련, 정련 및 합금 제조업',NULL,'EPR_BIZ_TYPE_CD','Y',NULL,NULL,NULL,NULL,NULL,NULL),('75','경영 컨설팅업',NULL,'EPR_BIZ_TYPE_CD','Y',NULL,NULL,NULL,NULL,NULL,NULL),('750','알루미늄 주물 주조업',NULL,'EPR_BIZ_TYPE_CD','Y',NULL,NULL,NULL,NULL,NULL,NULL),('751','암면 및 유사 제품 제조업',NULL,'EPR_BIZ_TYPE_CD','Y',NULL,NULL,NULL,NULL,NULL,NULL),('752','압축 및 액화 가스 용기 제조업',NULL,'EPR_BIZ_TYPE_CD','Y',NULL,NULL,NULL,NULL,NULL,NULL),('753','애니메이션 영화 및 비디오물 제작업',NULL,'EPR_BIZ_TYPE_CD','Y',NULL,NULL,NULL,NULL,NULL,NULL),('754','애완 동물 장묘 및 보호 서비스업',NULL,'EPR_BIZ_TYPE_CD','Y',NULL,NULL,NULL,NULL,NULL,NULL),('755','애완용 동물 및 관련용품 소매업',NULL,'EPR_BIZ_TYPE_CD','Y',NULL,NULL,NULL,NULL,NULL,NULL),('756','액상 시유 및 기타 낙농제품 제조업',NULL,'EPR_BIZ_TYPE_CD','Y',NULL,NULL,NULL,NULL,NULL,NULL),('757','액상 시유 및 기타 낙농제품 제조업(분유 및 조제분유)',NULL,'EPR_BIZ_TYPE_CD','Y',NULL,NULL,NULL,NULL,NULL,NULL),('758','액정 표시장치 제조업',NULL,'EPR_BIZ_TYPE_CD','Y',NULL,NULL,NULL,NULL,NULL,NULL),('759','액체 여과기 제조업',NULL,'EPR_BIZ_TYPE_CD','Y',NULL,NULL,NULL,NULL,NULL,NULL),('76','경영 컨설팅업(경영지도사)',NULL,'EPR_BIZ_TYPE_CD','Y',NULL,NULL,NULL,NULL,NULL,NULL),('760','액체 연료 및 관련제품 도매업',NULL,'EPR_BIZ_TYPE_CD','Y',NULL,NULL,NULL,NULL,NULL,NULL),('761','액체 펌프 제조업',NULL,'EPR_BIZ_TYPE_CD','Y',NULL,NULL,NULL,NULL,NULL,NULL),('762','앰뷸런스 서비스업',NULL,'EPR_BIZ_TYPE_CD','Y',NULL,NULL,NULL,NULL,NULL,NULL),('763','양계업',NULL,'EPR_BIZ_TYPE_CD','Y',NULL,NULL,NULL,NULL,NULL,NULL),('764','양돈업',NULL,'EPR_BIZ_TYPE_CD','Y',NULL,NULL,NULL,NULL,NULL,NULL),('765','어망 및 기타 끈 가공품 제조업',NULL,'EPR_BIZ_TYPE_CD','Y',NULL,NULL,NULL,NULL,NULL,NULL),('766','어업 관련 서비스업',NULL,'EPR_BIZ_TYPE_CD','Y',NULL,NULL,NULL,NULL,NULL,NULL),('767','얼음 제조업',NULL,'EPR_BIZ_TYPE_CD','Y',NULL,NULL,NULL,NULL,NULL,NULL),('768','에너지 저장장치 제조업',NULL,'EPR_BIZ_TYPE_CD','Y',NULL,NULL,NULL,NULL,NULL,NULL),('769','여객 자동차 터미널 운영업',NULL,'EPR_BIZ_TYPE_CD','Y',NULL,NULL,NULL,NULL,NULL,NULL),('77','경제 및 경영학 연구개발업',NULL,'EPR_BIZ_TYPE_CD','Y',NULL,NULL,NULL,NULL,NULL,NULL),('770','여관업',NULL,'EPR_BIZ_TYPE_CD','Y',NULL,NULL,NULL,NULL,NULL,NULL),('771','여자용 겉옷 소매업',NULL,'EPR_BIZ_TYPE_CD','Y',NULL,NULL,NULL,NULL,NULL,NULL),('772','여자용 겉옷 제조업',NULL,'EPR_BIZ_TYPE_CD','Y',NULL,NULL,NULL,NULL,NULL,NULL),('773','여행사업',NULL,'EPR_BIZ_TYPE_CD','Y',NULL,NULL,NULL,NULL,NULL,NULL),('774','연 및 아연 제련, 정련 및 합금 제조업',NULL,'EPR_BIZ_TYPE_CD','Y',NULL,NULL,NULL,NULL,NULL,NULL),('775','연극단체',NULL,'EPR_BIZ_TYPE_CD','Y',NULL,NULL,NULL,NULL,NULL,NULL),('776','연근해 어업',NULL,'EPR_BIZ_TYPE_CD','Y',NULL,NULL,NULL,NULL,NULL,NULL),('777','연금업',NULL,'EPR_BIZ_TYPE_CD','Y',NULL,NULL,NULL,NULL,NULL,NULL),('778','연료용 가스 제조 및 배관공급업',NULL,'EPR_BIZ_TYPE_CD','Y',NULL,NULL,NULL,NULL,NULL,NULL),('779','연마재 제조업',NULL,'EPR_BIZ_TYPE_CD','Y',NULL,NULL,NULL,NULL,NULL,NULL),('78','경주장 및 동물 경기장 운영업',NULL,'EPR_BIZ_TYPE_CD','Y',NULL,NULL,NULL,NULL,NULL,NULL),('780','연사 및 가공사 제조업',NULL,'EPR_BIZ_TYPE_CD','Y',NULL,NULL,NULL,NULL,NULL,NULL),('782','연성 및 기타 인쇄회로기판 제조업',NULL,'EPR_BIZ_TYPE_CD','Y',NULL,NULL,NULL,NULL,NULL,NULL),('783','연예보조서비스',NULL,'EPR_BIZ_TYPE_CD','Y',NULL,NULL,NULL,NULL,NULL,NULL),('784','연탄 및 기타 석탄 가공품 제조업',NULL,'EPR_BIZ_TYPE_CD','Y',NULL,NULL,NULL,NULL,NULL,NULL),('785','열간 압연 및 압출제품 제조업',NULL,'EPR_BIZ_TYPE_CD','Y',NULL,NULL,NULL,NULL,NULL,NULL),('786','염료, 안료 및 관련제품 도매업',NULL,'EPR_BIZ_TYPE_CD','Y',NULL,NULL,NULL,NULL,NULL,NULL),('787','염료, 조제 무기 안료, 유연제 및 기타 착색제 제조업',NULL,'EPR_BIZ_TYPE_CD','Y',NULL,NULL,NULL,NULL,NULL,NULL),('788','영상게임기 제조업',NULL,'EPR_BIZ_TYPE_CD','Y',NULL,NULL,NULL,NULL,NULL,NULL),('789','영화, 비디오물 및 방송 프로그램 배급업',NULL,'EPR_BIZ_TYPE_CD','Y',NULL,NULL,NULL,NULL,NULL,NULL),('79','경찰',NULL,'EPR_BIZ_TYPE_CD','Y',NULL,NULL,NULL,NULL,NULL,NULL),('790','영화, 비디오물 및 방송 프로그램 제작 관련 서비스업',NULL,'EPR_BIZ_TYPE_CD','Y',NULL,NULL,NULL,NULL,NULL,NULL),('791','영화관 운영업',NULL,'EPR_BIZ_TYPE_CD','Y',NULL,NULL,NULL,NULL,NULL,NULL),('792','예술품 및 골동품 소매업',NULL,'EPR_BIZ_TYPE_CD','Y',NULL,NULL,NULL,NULL,NULL,NULL),('793','예식장업',NULL,'EPR_BIZ_TYPE_CD','Y',NULL,NULL,NULL,NULL,NULL,NULL),('794','오락 및 스포츠용 보트 건조업',NULL,'EPR_BIZ_TYPE_CD','Y',NULL,NULL,NULL,NULL,NULL,NULL),('795','오프셋 인쇄업',NULL,'EPR_BIZ_TYPE_CD','Y',NULL,NULL,NULL,NULL,NULL,NULL),('796','옥외 및 전시 광고업',NULL,'EPR_BIZ_TYPE_CD','Y',NULL,NULL,NULL,NULL,NULL,NULL),('797','온라인 교육학원',NULL,'EPR_BIZ_TYPE_CD','Y',NULL,NULL,NULL,NULL,NULL,NULL),('798','완제 의약품 제조업',NULL,'EPR_BIZ_TYPE_CD','Y',NULL,NULL,NULL,NULL,NULL,NULL),('799','외국어학원',NULL,'EPR_BIZ_TYPE_CD','Y',NULL,NULL,NULL,NULL,NULL,NULL),('8','가금류 가공 및 저장 처리업',NULL,'EPR_BIZ_TYPE_CD','Y',NULL,NULL,NULL,NULL,NULL,NULL),('80','계면활성제 제조업',NULL,'EPR_BIZ_TYPE_CD','Y',NULL,NULL,NULL,NULL,NULL,NULL),('800','외국은행',NULL,'EPR_BIZ_TYPE_CD','Y',NULL,NULL,NULL,NULL,NULL,NULL),('801','외국인학교',NULL,'EPR_BIZ_TYPE_CD','Y',NULL,NULL,NULL,NULL,NULL,NULL),('802','외무 행정',NULL,'EPR_BIZ_TYPE_CD','Y',NULL,NULL,NULL,NULL,NULL,NULL),('803','외항 여객 운송업',NULL,'EPR_BIZ_TYPE_CD','Y',NULL,NULL,NULL,NULL,NULL,NULL),('804','외항 화물 운송업',NULL,'EPR_BIZ_TYPE_CD','Y',NULL,NULL,NULL,NULL,NULL,NULL),('805','요양병원',NULL,'EPR_BIZ_TYPE_CD','Y',NULL,NULL,NULL,NULL,NULL,NULL),('806','요업용 도포제 및 관련제품 제조업',NULL,'EPR_BIZ_TYPE_CD','Y',NULL,NULL,NULL,NULL,NULL,NULL),('807','욕탕업',NULL,'EPR_BIZ_TYPE_CD','Y',NULL,NULL,NULL,NULL,NULL,NULL),('808','용기 세척, 포장 및 충전기 제조업',NULL,'EPR_BIZ_TYPE_CD','Y',NULL,NULL,NULL,NULL,NULL,NULL),('809','용달 화물 자동차 운송업',NULL,'EPR_BIZ_TYPE_CD','Y',NULL,NULL,NULL,NULL,NULL,NULL),('81','계약배달 판매업',NULL,'EPR_BIZ_TYPE_CD','Y',NULL,NULL,NULL,NULL,NULL,NULL),('810','용달 화물 자동차 운송업, 개별화물 자동차 운송업',NULL,'EPR_BIZ_TYPE_CD','Y',NULL,NULL,NULL,NULL,NULL,NULL),('811','우편 및 통신 행정',NULL,'EPR_BIZ_TYPE_CD','Y',NULL,NULL,NULL,NULL,NULL,NULL),('812','운동 및 경기용품 도매업',NULL,'EPR_BIZ_TYPE_CD','Y',NULL,NULL,NULL,NULL,NULL,NULL),('813','운동 및 경기용품 소매업',NULL,'EPR_BIZ_TYPE_CD','Y',NULL,NULL,NULL,NULL,NULL,NULL),('814','운송장비 조립용 플라스틱제품 제조업',NULL,'EPR_BIZ_TYPE_CD','Y',NULL,NULL,NULL,NULL,NULL,NULL),('815','운송장비용 가스 충전업',NULL,'EPR_BIZ_TYPE_CD','Y',NULL,NULL,NULL,NULL,NULL,NULL),('816','운송장비용 조명장치 제조업',NULL,'EPR_BIZ_TYPE_CD','Y',NULL,NULL,NULL,NULL,NULL,NULL),('817','운송장비용 주유소 운영업',NULL,'EPR_BIZ_TYPE_CD','Y',NULL,NULL,NULL,NULL,NULL,NULL),('818','운전학원',NULL,'EPR_BIZ_TYPE_CD','Y',NULL,NULL,NULL,NULL,NULL,NULL),('819','원목 및 건축관련 목제품 도매업',NULL,'EPR_BIZ_TYPE_CD','Y',NULL,NULL,NULL,NULL,NULL,NULL),('82','고무 의류 및 기타 위생용 비경화 고무제품 제조업',NULL,'EPR_BIZ_TYPE_CD','Y',NULL,NULL,NULL,NULL,NULL,NULL),('820','원불교 단체',NULL,'EPR_BIZ_TYPE_CD','Y',NULL,NULL,NULL,NULL,NULL,NULL),('821','원양 어업',NULL,'EPR_BIZ_TYPE_CD','Y',NULL,NULL,NULL,NULL,NULL,NULL),('822','원유 및 천연가스 채굴업',NULL,'EPR_BIZ_TYPE_CD','Y',NULL,NULL,NULL,NULL,NULL,NULL),('823','원유 정제처리업',NULL,'EPR_BIZ_TYPE_CD','Y',NULL,NULL,NULL,NULL,NULL,NULL),('824','원자력 발전업',NULL,'EPR_BIZ_TYPE_CD','Y',NULL,NULL,NULL,NULL,NULL,NULL),('825','위생용 및 산업용 도자기 제조업',NULL,'EPR_BIZ_TYPE_CD','Y',NULL,NULL,NULL,NULL,NULL,NULL),('826','위생용 원지 제조업',NULL,'EPR_BIZ_TYPE_CD','Y',NULL,NULL,NULL,NULL,NULL,NULL),('827','위생용 종이제품 제조업',NULL,'EPR_BIZ_TYPE_CD','Y',NULL,NULL,NULL,NULL,NULL,NULL),('828','위성 및 기타 방송업',NULL,'EPR_BIZ_TYPE_CD','Y',NULL,NULL,NULL,NULL,NULL,NULL),('829','위험 물품 보관업',NULL,'EPR_BIZ_TYPE_CD','Y',NULL,NULL,NULL,NULL,NULL,NULL),('83','고무 패킹류 제조업',NULL,'EPR_BIZ_TYPE_CD','Y',NULL,NULL,NULL,NULL,NULL,NULL),('830','유교 단체',NULL,'EPR_BIZ_TYPE_CD','Y',NULL,NULL,NULL,NULL,NULL,NULL),('831','유기 발광 표시장치 제조업',NULL,'EPR_BIZ_TYPE_CD','Y',NULL,NULL,NULL,NULL,NULL,NULL),('832','유기질 비료 및 상토 제조업',NULL,'EPR_BIZ_TYPE_CD','Y',NULL,NULL,NULL,NULL,NULL,NULL),('833','유리 및 창호 공사업',NULL,'EPR_BIZ_TYPE_CD','Y',NULL,NULL,NULL,NULL,NULL,NULL),('834','유리 및 창호 도매업',NULL,'EPR_BIZ_TYPE_CD','Y',NULL,NULL,NULL,NULL,NULL,NULL),('835','유사 의료업',NULL,'EPR_BIZ_TYPE_CD','Y',NULL,NULL,NULL,NULL,NULL,NULL),('836','유선 방송업',NULL,'EPR_BIZ_TYPE_CD','Y',NULL,NULL,NULL,NULL,NULL,NULL),('837','유선 온라인 게임 소프트웨어 개발 및 공급업',NULL,'EPR_BIZ_TYPE_CD','Y',NULL,NULL,NULL,NULL,NULL,NULL),('838','유선 통신업',NULL,'EPR_BIZ_TYPE_CD','Y',NULL,NULL,NULL,NULL,NULL,NULL),('839','유선 통신장비 제조업',NULL,'EPR_BIZ_TYPE_CD','Y',NULL,NULL,NULL,NULL,NULL,NULL),('84','고무, 화학섬유 및 플라스틱 성형기 제조업',NULL,'EPR_BIZ_TYPE_CD','Y',NULL,NULL,NULL,NULL,NULL,NULL),('840','유아 교육기관',NULL,'EPR_BIZ_TYPE_CD','Y',NULL,NULL,NULL,NULL,NULL,NULL),('841','유아용 의류 도매업',NULL,'EPR_BIZ_TYPE_CD','Y',NULL,NULL,NULL,NULL,NULL,NULL),('842','유아용 의류 소매업',NULL,'EPR_BIZ_TYPE_CD','Y',NULL,NULL,NULL,NULL,NULL,NULL),('843','유아용 의복 제조업',NULL,'EPR_BIZ_TYPE_CD','Y',NULL,NULL,NULL,NULL,NULL,NULL),('844','유압 기기 제조업',NULL,'EPR_BIZ_TYPE_CD','Y',NULL,NULL,NULL,NULL,NULL,NULL),('845','유원지 및 테마파크 운영업',NULL,'EPR_BIZ_TYPE_CD','Y',NULL,NULL,NULL,NULL,NULL,NULL),('846','유인 항공기, 항공 우주선 및 보조장치 제조업',NULL,'EPR_BIZ_TYPE_CD','Y',NULL,NULL,NULL,NULL,NULL,NULL),('847','유흥접객원 및 댄서',NULL,'EPR_BIZ_TYPE_CD','Y',NULL,NULL,NULL,NULL,NULL,NULL),('848','육류 가공식품 도매업',NULL,'EPR_BIZ_TYPE_CD','Y',NULL,NULL,NULL,NULL,NULL,NULL),('849','육류 기타 가공 및 저장 처리업(가금류 제외)',NULL,'EPR_BIZ_TYPE_CD','Y',NULL,NULL,NULL,NULL,NULL,NULL),('85','고용 알선업',NULL,'EPR_BIZ_TYPE_CD','Y',NULL,NULL,NULL,NULL,NULL,NULL),('850','육류 도매업',NULL,'EPR_BIZ_TYPE_CD','Y',NULL,NULL,NULL,NULL,NULL,NULL),('851','육류 도축업(가금류 제외)',NULL,'EPR_BIZ_TYPE_CD','Y',NULL,NULL,NULL,NULL,NULL,NULL),('852','육류 도축업(가금류 제외), 가금류 도축업',NULL,'EPR_BIZ_TYPE_CD','Y',NULL,NULL,NULL,NULL,NULL,NULL),('853','육류 소매업',NULL,'EPR_BIZ_TYPE_CD','Y',NULL,NULL,NULL,NULL,NULL,NULL),('854','육류 포장육 및 냉동육 가공업(가금류 제외)',NULL,'EPR_BIZ_TYPE_CD','Y',NULL,NULL,NULL,NULL,NULL,NULL),('855','육림업',NULL,'EPR_BIZ_TYPE_CD','Y',NULL,NULL,NULL,NULL,NULL,NULL),('856','육상 금속 골조 구조재 제조업',NULL,'EPR_BIZ_TYPE_CD','Y',NULL,NULL,NULL,NULL,NULL,NULL),('857','육우 사육업',NULL,'EPR_BIZ_TYPE_CD','Y',NULL,NULL,NULL,NULL,NULL,NULL),('858','육지 동물 및 애완 동물 도매업',NULL,'EPR_BIZ_TYPE_CD','Y',NULL,NULL,NULL,NULL,NULL,NULL),('859','윤활유 및 그리스 제조업',NULL,'EPR_BIZ_TYPE_CD','Y',NULL,NULL,NULL,NULL,NULL,NULL),('86','고체 연료 및 관련제품 도매업',NULL,'EPR_BIZ_TYPE_CD','Y',NULL,NULL,NULL,NULL,NULL,NULL),('860','음ㆍ식료품 및 담배 가공기계 제조업',NULL,'EPR_BIZ_TYPE_CD','Y',NULL,NULL,NULL,NULL,NULL,NULL),('861','음ㆍ식료품 및 담배 중개업',NULL,'EPR_BIZ_TYPE_CD','Y',NULL,NULL,NULL,NULL,NULL,NULL),('862','음료 소매업',NULL,'EPR_BIZ_TYPE_CD','Y',NULL,NULL,NULL,NULL,NULL,NULL),('863','음료용 및 향신용 작물 재배업',NULL,'EPR_BIZ_TYPE_CD','Y',NULL,NULL,NULL,NULL,NULL,NULL),('864','음료품배달원',NULL,'EPR_BIZ_TYPE_CD','Y',NULL,NULL,NULL,NULL,NULL,NULL),('865','음반 및 비디오물 도매업',NULL,'EPR_BIZ_TYPE_CD','Y',NULL,NULL,NULL,NULL,NULL,NULL),('866','음반 및 비디오물 소매업',NULL,'EPR_BIZ_TYPE_CD','Y',NULL,NULL,NULL,NULL,NULL,NULL),('867','음반 및 비디오물 임대업',NULL,'EPR_BIZ_TYPE_CD','Y',NULL,NULL,NULL,NULL,NULL,NULL),('868','음악 및 기타 오디오물 출판업',NULL,'EPR_BIZ_TYPE_CD','Y',NULL,NULL,NULL,NULL,NULL,NULL),('869','음악학원',NULL,'EPR_BIZ_TYPE_CD','Y',NULL,NULL,NULL,NULL,NULL,NULL),('87','곡물 도정업',NULL,'EPR_BIZ_TYPE_CD','Y',NULL,NULL,NULL,NULL,NULL,NULL),('870','응용 소프트웨어 개발 및 공급업',NULL,'EPR_BIZ_TYPE_CD','Y',NULL,NULL,NULL,NULL,NULL,NULL),('871','의료 기기 도매업',NULL,'EPR_BIZ_TYPE_CD','Y',NULL,NULL,NULL,NULL,NULL,NULL),('872','의료용 가구 제조업',NULL,'EPR_BIZ_TYPE_CD','Y',NULL,NULL,NULL,NULL,NULL,NULL),('873','의료용 기구 소매업',NULL,'EPR_BIZ_TYPE_CD','Y',NULL,NULL,NULL,NULL,NULL,NULL),('874','의료용품 도매업',NULL,'EPR_BIZ_TYPE_CD','Y',NULL,NULL,NULL,NULL,NULL,NULL),('875','의료용품 및 기타 의약 관련제품 제조업',NULL,'EPR_BIZ_TYPE_CD','Y',NULL,NULL,NULL,NULL,NULL,NULL),('876','의류 임대업',NULL,'EPR_BIZ_TYPE_CD','Y',NULL,NULL,NULL,NULL,NULL,NULL),('877','의복 및 기타 가정용 직물제품 수리업',NULL,'EPR_BIZ_TYPE_CD','Y',NULL,NULL,NULL,NULL,NULL,NULL),('878','의복 액세서리 및 모조 장신구 도매업',NULL,'EPR_BIZ_TYPE_CD','Y',NULL,NULL,NULL,NULL,NULL,NULL),('879','의복 액세서리 및 모조 장신구 소매업',NULL,'EPR_BIZ_TYPE_CD','Y',NULL,NULL,NULL,NULL,NULL,NULL),('88','곡물 및 기타 식량작물 재배업',NULL,'EPR_BIZ_TYPE_CD','Y',NULL,NULL,NULL,NULL,NULL,NULL),('880','의약용 화합물 및 항생물질 제조업',NULL,'EPR_BIZ_TYPE_CD','Y',NULL,NULL,NULL,NULL,NULL,NULL),('881','의약품 도매업',NULL,'EPR_BIZ_TYPE_CD','Y',NULL,NULL,NULL,NULL,NULL,NULL),('882','의약품 및 의료용품 소매업',NULL,'EPR_BIZ_TYPE_CD','Y',NULL,NULL,NULL,NULL,NULL,NULL),('883','의학 및 약학 연구개발업',NULL,'EPR_BIZ_TYPE_CD','Y',NULL,NULL,NULL,NULL,NULL,NULL),('884','이동 음식점업',NULL,'EPR_BIZ_TYPE_CD','Y',NULL,NULL,NULL,NULL,NULL,NULL),('885','이동 전화기 제조업',NULL,'EPR_BIZ_TYPE_CD','Y',NULL,NULL,NULL,NULL,NULL,NULL),('886','이용업',NULL,'EPR_BIZ_TYPE_CD','Y',NULL,NULL,NULL,NULL,NULL,NULL),('887','인물 사진 및 행사용 영상 촬영업',NULL,'EPR_BIZ_TYPE_CD','Y',NULL,NULL,NULL,NULL,NULL,NULL),('888','인삼식품 제조업',NULL,'EPR_BIZ_TYPE_CD','Y',NULL,NULL,NULL,NULL,NULL,NULL),('889','인쇄 및 제책용 기계 제조업',NULL,'EPR_BIZ_TYPE_CD','Y',NULL,NULL,NULL,NULL,NULL,NULL),('89','곡물 및 유지작물 도매업',NULL,'EPR_BIZ_TYPE_CD','Y',NULL,NULL,NULL,NULL,NULL,NULL),('890','인쇄 잉크 및 회화용 물감 제조업',NULL,'EPR_BIZ_TYPE_CD','Y',NULL,NULL,NULL,NULL,NULL,NULL),('891','인쇄용 및 필기용 원지 제조업',NULL,'EPR_BIZ_TYPE_CD','Y',NULL,NULL,NULL,NULL,NULL,NULL),('892','인쇄회로기판용 적층판 제조업',NULL,'EPR_BIZ_TYPE_CD','Y',NULL,NULL,NULL,NULL,NULL,NULL),('893','인테리어 디자인업',NULL,'EPR_BIZ_TYPE_CD','Y',NULL,NULL,NULL,NULL,NULL,NULL),('894','인형 및 장난감 제조업',NULL,'EPR_BIZ_TYPE_CD','Y',NULL,NULL,NULL,NULL,NULL,NULL),('895','일반 고등학교',NULL,'EPR_BIZ_TYPE_CD','Y',NULL,NULL,NULL,NULL,NULL,NULL),('896','일반 교과학원',NULL,'EPR_BIZ_TYPE_CD','Y',NULL,NULL,NULL,NULL,NULL,NULL),('897','일반 교과학원, 음악학원, 미술학원, 기타 예술학원, 외국어학원',NULL,'EPR_BIZ_TYPE_CD','Y',NULL,NULL,NULL,NULL,NULL,NULL),('898','일반 서적 출판업',NULL,'EPR_BIZ_TYPE_CD','Y',NULL,NULL,NULL,NULL,NULL,NULL),('899','일반 영화 및 비디오물 제작업',NULL,'EPR_BIZ_TYPE_CD','Y',NULL,NULL,NULL,NULL,NULL,NULL),('9','가금류 가공 및 저장 처리업, 육류 포장육 및 냉동육 가공업(가금류 제외), 수산동물 냉동품 제조업, 기타 과실ㆍ채소 가공 및 저장 처리업',NULL,'EPR_BIZ_TYPE_CD','Y',NULL,NULL,NULL,NULL,NULL,NULL),('90','곡물 제분업',NULL,'EPR_BIZ_TYPE_CD','Y',NULL,NULL,NULL,NULL,NULL,NULL),('900','일반 유흥 주점업',NULL,'EPR_BIZ_TYPE_CD','Y',NULL,NULL,NULL,NULL,NULL,NULL),('901','일반 저울 제조업',NULL,'EPR_BIZ_TYPE_CD','Y',NULL,NULL,NULL,NULL,NULL,NULL),('902','일반 전기 공사업',NULL,'EPR_BIZ_TYPE_CD','Y',NULL,NULL,NULL,NULL,NULL,NULL),('903','일반 제재업',NULL,'EPR_BIZ_TYPE_CD','Y',NULL,NULL,NULL,NULL,NULL,NULL),('904','일반 창고업',NULL,'EPR_BIZ_TYPE_CD','Y',NULL,NULL,NULL,NULL,NULL,NULL),('905','일반 철물 제조업',NULL,'EPR_BIZ_TYPE_CD','Y',NULL,NULL,NULL,NULL,NULL,NULL),('906','일반 통신 공사업',NULL,'EPR_BIZ_TYPE_CD','Y',NULL,NULL,NULL,NULL,NULL,NULL),('907','일반 화물 자동차 운송업',NULL,'EPR_BIZ_TYPE_CD','Y',NULL,NULL,NULL,NULL,NULL,NULL),('908','일반 화물 자동차 운송업, 용달 화물 자동차 운송업, 개별 화물 자동차 운송업',NULL,'EPR_BIZ_TYPE_CD','Y',NULL,NULL,NULL,NULL,NULL,NULL),('909','일반병원',NULL,'EPR_BIZ_TYPE_CD','Y',NULL,NULL,NULL,NULL,NULL,NULL),('91','곡물 혼합 분말 및 반죽 제조업',NULL,'EPR_BIZ_TYPE_CD','Y',NULL,NULL,NULL,NULL,NULL,NULL),('910','일반용 도료 및 관련제품 제조업',NULL,'EPR_BIZ_TYPE_CD','Y',NULL,NULL,NULL,NULL,NULL,NULL),('911','일반용 전기 조명장치 제조업',NULL,'EPR_BIZ_TYPE_CD','Y',NULL,NULL,NULL,NULL,NULL,NULL),('912','일반의원',NULL,'EPR_BIZ_TYPE_CD','Y',NULL,NULL,NULL,NULL,NULL,NULL),('913','일식 음식점업',NULL,'EPR_BIZ_TYPE_CD','Y',NULL,NULL,NULL,NULL,NULL,NULL),('914','일차전지 제조업',NULL,'EPR_BIZ_TYPE_CD','Y',NULL,NULL,NULL,NULL,NULL,NULL),('915','임산물 채취업',NULL,'EPR_BIZ_TYPE_CD','Y',NULL,NULL,NULL,NULL,NULL,NULL),('916','임시 및 일용 인력 공급업',NULL,'EPR_BIZ_TYPE_CD','Y',NULL,NULL,NULL,NULL,NULL,NULL),('917','임업 관련 서비스업',NULL,'EPR_BIZ_TYPE_CD','Y',NULL,NULL,NULL,NULL,NULL,NULL),('918','임업용 종묘 생산업',NULL,'EPR_BIZ_TYPE_CD','Y',NULL,NULL,NULL,NULL,NULL,NULL),('919','입법기관',NULL,'EPR_BIZ_TYPE_CD','Y',NULL,NULL,NULL,NULL,NULL,NULL),('92','곡물, 곡분 및 가축 사료 소매업',NULL,'EPR_BIZ_TYPE_CD','Y',NULL,NULL,NULL,NULL,NULL,NULL),('920','자동 판매기 운영업',NULL,'EPR_BIZ_TYPE_CD','Y',NULL,NULL,NULL,NULL,NULL,NULL),('921','자동차 구조 및 장치 변경업',NULL,'EPR_BIZ_TYPE_CD','Y',NULL,NULL,NULL,NULL,NULL,NULL),('922','자동차 내장용 신품 전기ㆍ전자ㆍ정밀기기 판매업',NULL,'EPR_BIZ_TYPE_CD','Y',NULL,NULL,NULL,NULL,NULL,NULL),('923','자동차 세차업',NULL,'EPR_BIZ_TYPE_CD','Y',NULL,NULL,NULL,NULL,NULL,NULL),('924','자동차 신품 타이어 및 튜브 판매업',NULL,'EPR_BIZ_TYPE_CD','Y',NULL,NULL,NULL,NULL,NULL,NULL),('925','자동차 신품 판매업',NULL,'EPR_BIZ_TYPE_CD','Y',NULL,NULL,NULL,NULL,NULL,NULL),('926','자동차 엔진용 신품 부품 제조업',NULL,'EPR_BIZ_TYPE_CD','Y',NULL,NULL,NULL,NULL,NULL,NULL),('927','자동차 임대업(렌트카)',NULL,'EPR_BIZ_TYPE_CD','Y',NULL,NULL,NULL,NULL,NULL,NULL),('928','자동차 재제조 부품 제조업',NULL,'EPR_BIZ_TYPE_CD','Y',NULL,NULL,NULL,NULL,NULL,NULL),('929','자동차 전문 수리업',NULL,'EPR_BIZ_TYPE_CD','Y',NULL,NULL,NULL,NULL,NULL,NULL),('93','골재, 벽돌 및 시멘트 도매업',NULL,'EPR_BIZ_TYPE_CD','Y',NULL,NULL,NULL,NULL,NULL,NULL),('930','자동차 종합 수리업',NULL,'EPR_BIZ_TYPE_CD','Y',NULL,NULL,NULL,NULL,NULL,NULL),('931','자동차 중고 부품 및 내장품 판매업',NULL,'EPR_BIZ_TYPE_CD','Y',NULL,NULL,NULL,NULL,NULL,NULL),('932','자동차 차체용 신품 부품 제조업',NULL,'EPR_BIZ_TYPE_CD','Y',NULL,NULL,NULL,NULL,NULL,NULL),('933','자동차용 금속 압형제품 제조업',NULL,'EPR_BIZ_TYPE_CD','Y',NULL,NULL,NULL,NULL,NULL,NULL),('934','자동차용 신품 동력 전달장치 제조업',NULL,'EPR_BIZ_TYPE_CD','Y',NULL,NULL,NULL,NULL,NULL,NULL),('935','자동차용 신품 의자 제조업',NULL,'EPR_BIZ_TYPE_CD','Y',NULL,NULL,NULL,NULL,NULL,NULL),('936','자동차용 신품 전기장치 제조업',NULL,'EPR_BIZ_TYPE_CD','Y',NULL,NULL,NULL,NULL,NULL,NULL),('937','자동차용 신품 제동장치 제조업',NULL,'EPR_BIZ_TYPE_CD','Y',NULL,NULL,NULL,NULL,NULL,NULL),('938','자동차용 신품 조향장치 및 현가장치 제조업',NULL,'EPR_BIZ_TYPE_CD','Y',NULL,NULL,NULL,NULL,NULL,NULL),('939','자동차용 엔진 제조업',NULL,'EPR_BIZ_TYPE_CD','Y',NULL,NULL,NULL,NULL,NULL,NULL),('94','골판지 상자 및 가공제품 제조업',NULL,'EPR_BIZ_TYPE_CD','Y',NULL,NULL,NULL,NULL,NULL,NULL),('940','자동차용 전용 신품 부품 판매업',NULL,'EPR_BIZ_TYPE_CD','Y',NULL,NULL,NULL,NULL,NULL,NULL),('941','자료 처리업',NULL,'EPR_BIZ_TYPE_CD','Y',NULL,NULL,NULL,NULL,NULL,NULL),('942','자문,감독,지도료,고문료,교정료',NULL,'EPR_BIZ_TYPE_CD','Y',NULL,NULL,NULL,NULL,NULL,NULL),('943','자수제품 및 자수용 재료 제조업',NULL,'EPR_BIZ_TYPE_CD','Y',NULL,NULL,NULL,NULL,NULL,NULL),('944','자연공원 운영업',NULL,'EPR_BIZ_TYPE_CD','Y',NULL,NULL,NULL,NULL,NULL,NULL),('945','자연과학 및 공학 융합 연구개발업',NULL,'EPR_BIZ_TYPE_CD','Y',NULL,NULL,NULL,NULL,NULL,NULL),('946','자전거 및 기타 운송장비 도매업',NULL,'EPR_BIZ_TYPE_CD','Y',NULL,NULL,NULL,NULL,NULL,NULL),('947','자전거 및 기타 운송장비 소매업',NULL,'EPR_BIZ_TYPE_CD','Y',NULL,NULL,NULL,NULL,NULL,NULL),('948','자전거 및 환자용 차량 제조업',NULL,'EPR_BIZ_TYPE_CD','Y',NULL,NULL,NULL,NULL,NULL,NULL),('949','작가',NULL,'EPR_BIZ_TYPE_CD','Y',NULL,NULL,NULL,NULL,NULL,NULL),('95','골판지 제조업',NULL,'EPR_BIZ_TYPE_CD','Y',NULL,NULL,NULL,NULL,NULL,NULL),('950','작곡가',NULL,'EPR_BIZ_TYPE_CD','Y',NULL,NULL,NULL,NULL,NULL,NULL),('951','작물재배 및 축산 복합농업',NULL,'EPR_BIZ_TYPE_CD','Y',NULL,NULL,NULL,NULL,NULL,NULL),('952','작물재배 지원 서비스업',NULL,'EPR_BIZ_TYPE_CD','Y',NULL,NULL,NULL,NULL,NULL,NULL),('953','잡지 및 정기 간행물 발행업',NULL,'EPR_BIZ_TYPE_CD','Y',NULL,NULL,NULL,NULL,NULL,NULL),('954','장난감 및 취미, 오락용품 도매업',NULL,'EPR_BIZ_TYPE_CD','Y',NULL,NULL,NULL,NULL,NULL,NULL),('955','장례식장 및 장의관련 서비스업',NULL,'EPR_BIZ_TYPE_CD','Y',NULL,NULL,NULL,NULL,NULL,NULL),('956','장류 제조업',NULL,'EPR_BIZ_TYPE_CD','Y',NULL,NULL,NULL,NULL,NULL,NULL),('957','장식용 목제품 제조업',NULL,'EPR_BIZ_TYPE_CD','Y',NULL,NULL,NULL,NULL,NULL,NULL),('958','재보험업',NULL,'EPR_BIZ_TYPE_CD','Y',NULL,NULL,NULL,NULL,NULL,NULL),('959','재생 섬유 제조업',NULL,'EPR_BIZ_TYPE_CD','Y',NULL,NULL,NULL,NULL,NULL,NULL),('96','골프 연습장 운영업',NULL,'EPR_BIZ_TYPE_CD','Y',NULL,NULL,NULL,NULL,NULL,NULL),('960','재생용 재료 수집 및 판매업',NULL,'EPR_BIZ_TYPE_CD','Y',NULL,NULL,NULL,NULL,NULL,NULL),('961','재정 및 경제정책 행정',NULL,'EPR_BIZ_TYPE_CD','Y',NULL,NULL,NULL,NULL,NULL,NULL),('962','적층, 합성 및 특수 표면처리 종이 제조업',NULL,'EPR_BIZ_TYPE_CD','Y',NULL,NULL,NULL,NULL,NULL,NULL),('963','전구 및 램프 제조업',NULL,'EPR_BIZ_TYPE_CD','Y',NULL,NULL,NULL,NULL,NULL,NULL),('964','전구, 램프 및 조명장치 도매업',NULL,'EPR_BIZ_TYPE_CD','Y',NULL,NULL,NULL,NULL,NULL,NULL),('965','전기 경보 및 신호장치 제조업',NULL,'EPR_BIZ_TYPE_CD','Y',NULL,NULL,NULL,NULL,NULL,NULL),('966','전기 판매업',NULL,'EPR_BIZ_TYPE_CD','Y',NULL,NULL,NULL,NULL,NULL,NULL),('967','전기ㆍ전자 및 정밀 기기 수리업',NULL,'EPR_BIZ_TYPE_CD','Y',NULL,NULL,NULL,NULL,NULL,NULL),('968','전기ㆍ전자공학 연구개발업',NULL,'EPR_BIZ_TYPE_CD','Y',NULL,NULL,NULL,NULL,NULL,NULL),('969','전기식 진단 및 요법 기기 제조업',NULL,'EPR_BIZ_TYPE_CD','Y',NULL,NULL,NULL,NULL,NULL,NULL),('97','골프장 운영업',NULL,'EPR_BIZ_TYPE_CD','Y',NULL,NULL,NULL,NULL,NULL,NULL),('970','전기용 기계ㆍ장비 및 관련 기자재 도매업',NULL,'EPR_BIZ_TYPE_CD','Y',NULL,NULL,NULL,NULL,NULL,NULL),('971','전기용 탄소제품 및 절연제품 제조업',NULL,'EPR_BIZ_TYPE_CD','Y',NULL,NULL,NULL,NULL,NULL,NULL),('972','전기용품 및 조명장치 소매업',NULL,'EPR_BIZ_TYPE_CD','Y',NULL,NULL,NULL,NULL,NULL,NULL),('973','전기회로 개폐, 보호 장치 제조업',NULL,'EPR_BIZ_TYPE_CD','Y',NULL,NULL,NULL,NULL,NULL,NULL),('974','전기회로 접속장치 제조업',NULL,'EPR_BIZ_TYPE_CD','Y',NULL,NULL,NULL,NULL,NULL,NULL),('975','전동기 및 발전기 제조업',NULL,'EPR_BIZ_TYPE_CD','Y',NULL,NULL,NULL,NULL,NULL,NULL),('976','전문가 단체',NULL,'EPR_BIZ_TYPE_CD','Y',NULL,NULL,NULL,NULL,NULL,NULL),('977','전문대학',NULL,'EPR_BIZ_TYPE_CD','Y',NULL,NULL,NULL,NULL,NULL,NULL),('978','전분제품 및 당류 제조업',NULL,'EPR_BIZ_TYPE_CD','Y',NULL,NULL,NULL,NULL,NULL,NULL),('979','전세버스 운송업',NULL,'EPR_BIZ_TYPE_CD','Y',NULL,NULL,NULL,NULL,NULL,NULL),('98','골프장캐디',NULL,'EPR_BIZ_TYPE_CD','Y',NULL,NULL,NULL,NULL,NULL,NULL),('980','전시 및 광고용 조명장치 제조업',NULL,'EPR_BIZ_TYPE_CD','Y',NULL,NULL,NULL,NULL,NULL,NULL),('981','전시, 컨벤션 및 행사 대행업',NULL,'EPR_BIZ_TYPE_CD','Y',NULL,NULL,NULL,NULL,NULL,NULL),('982','전시용 모형 제조업',NULL,'EPR_BIZ_TYPE_CD','Y',NULL,NULL,NULL,NULL,NULL,NULL),('983','전자 감지장치 제조업',NULL,'EPR_BIZ_TYPE_CD','Y',NULL,NULL,NULL,NULL,NULL,NULL),('984','전자 게임장 운영업',NULL,'EPR_BIZ_TYPE_CD','Y',NULL,NULL,NULL,NULL,NULL,NULL),('985','전자 부품 실장기판 제조업',NULL,'EPR_BIZ_TYPE_CD','Y',NULL,NULL,NULL,NULL,NULL,NULL),('986','전자 악기 제조업',NULL,'EPR_BIZ_TYPE_CD','Y',NULL,NULL,NULL,NULL,NULL,NULL),('987','전자 응용 절삭기계 제조업',NULL,'EPR_BIZ_TYPE_CD','Y',NULL,NULL,NULL,NULL,NULL,NULL),('988','전자 저항기 제조업',NULL,'EPR_BIZ_TYPE_CD','Y',NULL,NULL,NULL,NULL,NULL,NULL),('989','전자 축전기 제조업',NULL,'EPR_BIZ_TYPE_CD','Y',NULL,NULL,NULL,NULL,NULL,NULL),('99','공공관계 서비스업',NULL,'EPR_BIZ_TYPE_CD','Y',NULL,NULL,NULL,NULL,NULL,NULL),('990','전자기 측정, 시험 및 분석 기구 제조업',NULL,'EPR_BIZ_TYPE_CD','Y',NULL,NULL,NULL,NULL,NULL,NULL),('991','전자상거래 소매 중개업',NULL,'EPR_BIZ_TYPE_CD','Y',NULL,NULL,NULL,NULL,NULL,NULL),('992','전자상거래 소매업',NULL,'EPR_BIZ_TYPE_CD','Y',NULL,NULL,NULL,NULL,NULL,NULL),('993','전자카드 제조업',NULL,'EPR_BIZ_TYPE_CD','Y',NULL,NULL,NULL,NULL,NULL,NULL),('994','전자코일, 변성기 및 기타 전자 유도자 제조업',NULL,'EPR_BIZ_TYPE_CD','Y',NULL,NULL,NULL,NULL,NULL,NULL),('995','전지 및 케이블 도매업',NULL,'EPR_BIZ_TYPE_CD','Y',NULL,NULL,NULL,NULL,NULL,NULL),('996','전투용 차량 제조업',NULL,'EPR_BIZ_TYPE_CD','Y',NULL,NULL,NULL,NULL,NULL,NULL),('997','절삭 가공 및 유사 처리업',NULL,'EPR_BIZ_TYPE_CD','Y',NULL,NULL,NULL,NULL,NULL,NULL),('998','절연 코드세트 및 기타 도체 제조업',NULL,'EPR_BIZ_TYPE_CD','Y',NULL,NULL,NULL,NULL,NULL,NULL),('999','점술 및 유사 서비스업',NULL,'EPR_BIZ_TYPE_CD','Y',NULL,NULL,NULL,NULL,NULL,NULL),('CO','계약체결','','PROC_TYPE','Y','20211007','073542','82058481','20211007','073542','82058481'),('DO','완료','','PROC_TYPE','Y','20211007','073603','82058481','20211007','073603','82058481'),('MK','마케팅','','PROC_TYPE','Y','20211007','073520','82058481','20211007','073520','82058481'),('PR','계약 후 실무','','PROC_TYPE','Y','20211007','073553','82058481','20211007','073553','82058481'),('SU','제안','','PROC_TYPE','Y','20211007','073529','82058481','20211007','073529','82058481');
/*!40000 ALTER TABLE `S_GRP_DTL_CD` ENABLE KEYS */;
UNLOCK TABLES;

--
-- Table structure for table `S_MENU`
--

DROP TABLE IF EXISTS `S_MENU`;
/*!40101 SET @saved_cs_client     = @@character_set_client */;
/*!40101 SET character_set_client = utf8 */;
CREATE TABLE `S_MENU` (
  `MENU_NO` int(11) NOT NULL AUTO_INCREMENT,
  `PAR_MENU_NO` int(11) DEFAULT NULL,
  `MENU_NAME` varchar(50) DEFAULT NULL,
  `MENU_URL` varchar(100) DEFAULT NULL,
  `BSE_DT` varchar(8) DEFAULT NULL,
  `BSE_TM` varchar(6) DEFAULT NULL,
  `BSE_EMP_NO` varchar(10) DEFAULT NULL,
  `ALT_DT` varchar(8) DEFAULT NULL,
  `ALT_TM` varchar(6) DEFAULT NULL,
  `ALT_EMP_NO` varchar(10) DEFAULT NULL,
  PRIMARY KEY (`MENU_NO`),
  KEY `menu_menu_idx_fk` (`PAR_MENU_NO`),
  CONSTRAINT `menu_menu_idx_fk` FOREIGN KEY (`PAR_MENU_NO`) REFERENCES `S_MENU` (`MENU_NO`)
) ENGINE=InnoDB AUTO_INCREMENT=931 DEFAULT CHARSET=utf8mb4;
/*!40101 SET character_set_client = @saved_cs_client */;

--
-- Dumping data for table `S_MENU`
--

LOCK TABLES `S_MENU` WRITE;
/*!40000 ALTER TABLE `S_MENU` DISABLE KEYS */;
INSERT INTO `S_MENU` VALUES (1,NULL,'영업활동관리','','20210924','085131','admin','20210924','085131','admin'),(2,1,'영업활동일지','/callreport/CallReport','20210924','085159','admin','20210924','085159','admin'),(100,NULL,'Deal관리','','20210924','091144','admin','20210924','091144','admin'),(110,100,'Deal Inventory','/deal/DealInv','20210924','091206','admin','20210924','091206','admin'),(120,100,'Deal원장','/deal/DealLedger','20210927','023011','admin','20210927','023011','admin'),(200,NULL,'기업/인물','','20210927','015624','admin','20210927','015624','admin'),(210,200,'기업','/epr/EprSearch','20210927','015646','admin','20210927','021932','admin'),(220,200,'인물','/moc/MocSearch','20211007','070537','null','20211008','072934','null'),(900,NULL,'관리자','','20210924','085219','admin','20210924','085219','admin'),(910,900,'메뉴관리','/admin/MenuAdmin','20210924','085348','admin','20210924','085348','admin'),(920,900,'공통코드관리','/admin/CommonCodeAdmin','20210927','022615','admin','20210927','022615','admin'),(930,900,'사용자관리','/admin/UserAdmin','20210927','023034','admin','20210927','023034','admin');
/*!40000 ALTER TABLE `S_MENU` ENABLE KEYS */;
UNLOCK TABLES;

--
-- Table structure for table `S_USER`
--

DROP TABLE IF EXISTS `S_USER`;
/*!40101 SET @saved_cs_client     = @@character_set_client */;
/*!40101 SET character_set_client = utf8 */;
CREATE TABLE `S_USER` (
  `EMP_NO` varchar(10) NOT NULL,
  `EMP_PASSWORD` varchar(30) DEFAULT NULL,
  `DEPT_NAME` varchar(50) DEFAULT NULL,
  `EMP_NAME` varchar(30) DEFAULT NULL,
  `TEL_NO` varchar(20) DEFAULT NULL,
  `BSE_DT` varchar(8) DEFAULT NULL,
  `BSE_TM` varchar(6) DEFAULT NULL,
  `BSE_EMP_NO` varchar(10) DEFAULT NULL,
  `ALT_DT` varchar(8) DEFAULT NULL,
  `ALT_TM` varchar(6) DEFAULT NULL,
  `ALT_EMP_NO` varchar(10) DEFAULT NULL,
  PRIMARY KEY (`EMP_NO`)
) ENGINE=InnoDB DEFAULT CHARSET=utf8mb4;
/*!40101 SET character_set_client = @saved_cs_client */;

--
-- Dumping data for table `S_USER`
--

LOCK TABLES `S_USER` WRITE;
/*!40000 ALTER TABLE `S_USER` DISABLE KEYS */;
INSERT INTO `S_USER` VALUES ('82022387','82022387!','CRM사업팀','홍길동','01012341234','20211008','010450','82022387','20211008','010450','82022387'),('82058481','qlalfqjsgh1!','CRM사업팀','임현빈','01099007524','20210927','043945','82058481','20210927','043945','82058481'),('admin','admin',NULL,'admin','01099007524','20210924','084831','admin','20210924','084831','admin');
/*!40000 ALTER TABLE `S_USER` ENABLE KEYS */;
UNLOCK TABLES;

--
-- Table structure for table `S_USER_AUTH`
--

DROP TABLE IF EXISTS `S_USER_AUTH`;
/*!40101 SET @saved_cs_client     = @@character_set_client */;
/*!40101 SET character_set_client = utf8 */;
CREATE TABLE `S_USER_AUTH` (
  `AUTH_NO` varchar(10) NOT NULL,
  `EMP_NO` varchar(10) NOT NULL,
  `BSE_DT` varchar(8) DEFAULT NULL,
  `BSE_TM` varchar(6) DEFAULT NULL,
  `BSE_EMP_NO` varchar(10) DEFAULT NULL,
  `ALT_DT` varchar(8) DEFAULT NULL,
  `ALT_TM` varchar(6) DEFAULT NULL,
  `ALT_EMP_NO` varchar(10) DEFAULT NULL
) ENGINE=InnoDB DEFAULT CHARSET=utf8mb4;
/*!40101 SET character_set_client = @saved_cs_client */;

--
-- Dumping data for table `S_USER_AUTH`
--

LOCK TABLES `S_USER_AUTH` WRITE;
/*!40000 ALTER TABLE `S_USER_AUTH` DISABLE KEYS */;
/*!40000 ALTER TABLE `S_USER_AUTH` ENABLE KEYS */;
UNLOCK TABLES;
/*!40103 SET TIME_ZONE=@OLD_TIME_ZONE */;

/*!40101 SET SQL_MODE=@OLD_SQL_MODE */;
/*!40014 SET FOREIGN_KEY_CHECKS=@OLD_FOREIGN_KEY_CHECKS */;
/*!40014 SET UNIQUE_CHECKS=@OLD_UNIQUE_CHECKS */;
/*!40101 SET CHARACTER_SET_CLIENT=@OLD_CHARACTER_SET_CLIENT */;
/*!40101 SET CHARACTER_SET_RESULTS=@OLD_CHARACTER_SET_RESULTS */;
/*!40101 SET COLLATION_CONNECTION=@OLD_COLLATION_CONNECTION */;
/*!40111 SET SQL_NOTES=@OLD_SQL_NOTES */;

-- Dump completed on 2021-10-12 11:11:57
